Species                        | TaxID      | Accession           
-----------------------------------------------------------------
Achromobacter xylosoxidans    	Organism Name	Assembly Accession	Organism Taxonomic ID
Achromobacter xylosoxidans    	Achromobacter xylosoxidans	GCF_016728825.1	85698
Acinetobacter                 	Organism Name	Assembly Accession	Organism Taxonomic ID
Acinetobacter                 	Acinetobacter albensis	GCF_900095025.1	1673609
Acinetobacter                 	Acinetobacter amyesii	GCF_023499985.1	2942470
Acinetobacter                 	Acinetobacter apis	GCF_054782275.1	1229165
Acinetobacter                 	Acinetobacter baretiae	GCF_015627105.1	2605383
Acinetobacter                 	Acinetobacter baumannii	GCF_009035845.1	470 
Acinetobacter                 	Acinetobacter baylyi ADP1	GCF_000046845.1	62977
Acinetobacter                 	Acinetobacter beijerinckii CIP 110307	GCF_000369005.1	1217648
Acinetobacter                 	Acinetobacter bereziniae	GCF_016576965.1	106648
Acinetobacter                 	Acinetobacter bohemicus	GCF_058743305.1	1435036
Acinetobacter                 	Acinetobacter boissieri	GCF_900096955.1	1219383
Acinetobacter                 	Acinetobacter bouvetii	GCF_018324105.1	202951
Acinetobacter                 	Acinetobacter brisouii CIP 110357	GCF_000488275.1	1341683
Acinetobacter                 	Acinetobacter brisouioides	GCF_054454475.1	3438471
Acinetobacter                 	Acinetobacter brisouisimilis	GCF_000368265.1	1217714
Acinetobacter                 	Acinetobacter calcoaceticus	GCF_900444805.1	471 
Acinetobacter                 	Acinetobacter celticus	GCF_001707755.1	1891224
Acinetobacter                 	Acinetobacter chengduensis	GCF_003664645.1	2420890
Acinetobacter                 	Acinetobacter chenhuanii	GCF_041021895.1	3157354
Acinetobacter                 	Acinetobacter chinensis	GCF_002165375.2	2004650
Acinetobacter                 	Acinetobacter colistiniresistens	GCF_000413935.1	280145
Acinetobacter                 	Acinetobacter corruptisaponis	GCF_030053775.1	3045147
Acinetobacter                 	Acinetobacter courvalinii	GCF_014635545.1	280147
Acinetobacter                 	Acinetobacter cumulans	GCF_003024525.3	2136182
Acinetobacter                 	Acinetobacter defluvii	GCF_001704615.3	1871111
Acinetobacter                 	Acinetobacter dispersus	GCF_009884975.1	70348
Acinetobacter                 	Acinetobacter endophylla	GCF_053543775.1	3341851
Acinetobacter                 	Acinetobacter entericus	GCF_026168575.1	2989714
Acinetobacter                 	Acinetobacter equi	GCF_001307195.1	1324350
Acinetobacter                 	Acinetobacter faecalis	GCF_034187745.1	2665161
Acinetobacter                 	Acinetobacter gandensis	GCF_001678755.1	1443941
Acinetobacter                 	Acinetobacter geminorum	GCF_013009345.1	2730922
Acinetobacter                 	Acinetobacter gerneri DSM 14967 = CIP 107464 = MTCC 9824	GCF_000368565.1	1120926
Acinetobacter                 	Acinetobacter guerrae	GCF_009372255.1	1843371
Acinetobacter                 	Acinetobacter guillouiae	GCF_002370525.2	106649
Acinetobacter                 	Acinetobacter gyllenbergii	GCF_001682515.1	134534
Acinetobacter                 	Acinetobacter haemolyticus	GCF_003323815.1	29430
Acinetobacter                 	Acinetobacter halobius	GCF_044130335.1	3344663
Acinetobacter                 	Acinetobacter halotolerans	GCF_004208515.1	1752076
Acinetobacter                 	Acinetobacter harbinensis	GCF_000816495.1	1353941
Acinetobacter                 	Acinetobacter higginsii	GCF_000369845.1	70347
Acinetobacter                 	Acinetobacter ihumii	GCF_900625095.1	2483802
Acinetobacter                 	Acinetobacter indicus	GCF_009914475.1	756892
Acinetobacter                 	Acinetobacter johnsonii ANC 3681	GCF_000368805.1	1217662
Acinetobacter                 	Acinetobacter junii	GCF_018336855.1	40215
Acinetobacter                 	Acinetobacter kanungonis	GCF_009939195.1	2699469
Acinetobacter                 	Acinetobacter kookii	GCF_039543765.1	1226327
Acinetobacter                 	Acinetobacter kyonggiensis	GCF_900107285.1	595670
Acinetobacter                 	Acinetobacter lactucae	GCF_013122135.1	1785128
Acinetobacter                 	Acinetobacter lanii	GCF_011578285.1	2715163
Acinetobacter                 	Acinetobacter larvae	GCF_001704115.1	1789224
Acinetobacter                 	Acinetobacter lwoffii	GCF_029024105.1	28090
Acinetobacter                 	Acinetobacter marinus	GCF_900096915.1	281375
Acinetobacter                 	Acinetobacter minutum	GCF_035916735.1	3016358
Acinetobacter                 	Acinetobacter modestus	GCF_000367965.1	1776740
Acinetobacter                 	Acinetobacter nectaris CIP 110549	GCF_000488215.1	1392540
Acinetobacter                 	Acinetobacter nematophilus	GCF_026344175.1	2994642
Acinetobacter                 	Acinetobacter nosocomialis	GCF_041021905.1	106654
Acinetobacter                 	Acinetobacter oleivorans DR1	GCF_000196795.1	436717
Acinetobacter                 	Acinetobacter parvus	GCF_042656365.1	134533
Acinetobacter                 	Acinetobacter pecorum	GCF_014837015.1	2762215
Acinetobacter                 	Acinetobacter pengchengensis	GCF_982235305.1	3434463
Acinetobacter                 	Acinetobacter piscicola	GCF_002233755.1	2006115
Acinetobacter                 	Acinetobacter pittii PHEA-2	GCF_000191145.1	871585
Acinetobacter                 	Acinetobacter pollinis	GCF_015627175.1	2605270
Acinetobacter                 	Acinetobacter populi	GCF_002174125.1	1582270
Acinetobacter                 	Acinetobacter portensis	GCF_010646905.1	1839785
Acinetobacter                 	Acinetobacter pragensis	GCF_001605895.1	1806892
Acinetobacter                 	Acinetobacter proteolyticus	GCF_000367945.1	1776741
Acinetobacter                 	Acinetobacter pseudolwoffii	GCF_042647985.1	2053287
Acinetobacter                 	Acinetobacter pullicarnis	GCF_006352475.1	2576829
Acinetobacter                 	Acinetobacter puyangensis	GCF_039542245.1	1096779
Acinetobacter                 	Acinetobacter qingfengensis	GCF_008693185.1	1262585
Acinetobacter                 	Acinetobacter radioresistens	GCF_003258335.1	40216
Acinetobacter                 	Acinetobacter rathckeae	GCF_015627125.1	2605272
Acinetobacter                 	Acinetobacter rongchengensis	GCF_003611475.1	2419601
Acinetobacter                 	Acinetobacter rudis CIP 110305	GCF_000413895.1	421052
Acinetobacter                 	Acinetobacter schindleri	GCF_010918895.1	108981
Acinetobacter                 	Acinetobacter sedimenti	GCF_022601685.1	2919922
Acinetobacter                 	Acinetobacter seifertii	GCF_016064815.1	1530123
Acinetobacter                 	Acinetobacter septicus	GCF_019355975.1	465797
Acinetobacter                 	Acinetobacter shaoyimingii	GCF_011578045.1	2715164
Acinetobacter                 	Acinetobacter sichuanensis	GCF_003024515.2	2136183
Acinetobacter                 	Acinetobacter silvestris	GCF_002135235.1	1977882
Acinetobacter                 	Acinetobacter soli	GCF_018139125.1	487316
Acinetobacter                 	Acinetobacter stercoris	GCF_900323515.1	2126983
Acinetobacter                 	Acinetobacter suaedae	GCF_008630915.1	2609668
Acinetobacter                 	Acinetobacter tandoii	GCF_008867985.1	202954
Acinetobacter                 	Acinetobacter terrae	GCF_002135195.1	2731247
Acinetobacter                 	Acinetobacter terrestris	GCF_004331155.1	2529843
Acinetobacter                 	Acinetobacter thermotolerans	GCF_039865415.1	3151487
Acinetobacter                 	Acinetobacter thutiue	GCF_030385805.1	2998078
Acinetobacter                 	Acinetobacter tianfuensis	GCF_003611465.1	2419603
Acinetobacter                 	Acinetobacter tibetensis	GCF_023824315.1	2943497
Acinetobacter                 	Acinetobacter tjernbergiae	GCF_000759995.1	202955
Acinetobacter                 	Acinetobacter towneri	GCF_017498585.1	202956
Acinetobacter                 	Acinetobacter uliginosus	GCF_044130295.1	3344662
Acinetobacter                 	Acinetobacter ursingii NIPH 706	GCF_000369885.1	1217716
Acinetobacter                 	Acinetobacter variabilis	GCF_030518655.1	70346
Acinetobacter                 	Acinetobacter venetianus RAG-1 = CIP 110063	GCF_000368585.1	1191460
Acinetobacter                 	Acinetobacter vivianii	GCF_014635885.1	1776742
Acinetobacter                 	Acinetobacter wanghuae	GCF_009557235.1	2662362
Acinetobacter                 	Acinetobacter wuhouensis	GCF_001696605.3	1879050
Acinetobacter                 	Acinetobacter yuyunsongii	GCF_041021915.1	3157368
Acinetobacter                 	Acinetobacter zhairuonensis	GCF_047300875.1	2919921
Acinetobacter baumannii       	Organism Name	Assembly Accession	Organism Taxonomic ID
Acinetobacter baumannii       	Acinetobacter baumannii	GCF_009035845.1	470 
Acinetobacter lwoffii         	Organism Name	Assembly Accession	Organism Taxonomic ID
Acinetobacter lwoffii         	Acinetobacter lwoffii	GCF_029024105.1	28090
Acinetobacter sp.             	-         	No reference found  
Aeromonas                     	Organism Name	Assembly Accession	Organism Taxonomic ID
Aeromonas                     	Aeromonas allosaccharophila	GCF_016026615.1	656 
Aeromonas                     	Aeromonas aquatica	GCF_000764655.1	558964
Aeromonas                     	Aeromonas australiensis	GCF_000819725.1	1114880
Aeromonas                     	Aeromonas bestiarum	GCF_028751155.1	105751
Aeromonas                     	Aeromonas bivalvium	GCF_046078285.1	440079
Aeromonas                     	Aeromonas cavernicola	GCF_002795305.1	1006623
Aeromonas                     	Aeromonas caviae	GCF_900476005.1	648 
Aeromonas                     	Aeromonas crassostreae	GCF_054052445.1	1917146
Aeromonas                     	Aeromonas dhakensis	GCF_002285935.1	196024
Aeromonas                     	Aeromonas diversa CDC 2478-85	GCF_000819805.1	1268237
Aeromonas                     	Aeromonas encheleia	GCF_900637545.1	73010
Aeromonas                     	Aeromonas enterica	GCF_054052465.1	1917145
Aeromonas                     	Aeromonas enteropelogenes	GCF_020097295.1	29489
Aeromonas                     	Aeromonas eucrenophila	GCF_000819865.1	649 
Aeromonas                     	Aeromonas finlandensis	GCF_000764645.1	1543375
Aeromonas                     	Aeromonas fluvialis	GCF_000819885.1	591962
Aeromonas                     	Aeromonas hydrophila subsp. hydrophila ATCC 7966	GCF_000014805.1	380703
Aeromonas                     	Aeromonas ichthyocola	GCF_046087985.1	3367746
Aeromonas                     	Aeromonas intestinalis	GCF_054052485.1	1917144
Aeromonas                     	Aeromonas jandaei	GCF_016127195.1	650 
Aeromonas                     	Aeromonas lacus	GCF_000764665.1	558884
Aeromonas                     	Aeromonas lusitana	GCF_002812985.1	931529
Aeromonas                     	Aeromonas media	GCF_020423125.1	651 
Aeromonas                     	Aeromonas molluscorum	GCF_051376105.1	271417
Aeromonas                     	Aeromonas mytilicola subsp. aquatica	GCF_044336385.1	3366579
Aeromonas                     	Aeromonas oralensis	GCF_049665575.1	3415010
Aeromonas                     	Aeromonas piscicola	GCF_053714435.1	600645
Aeromonas                     	Aeromonas popoffii	GCF_037818705.1	70856
Aeromonas                     	Aeromonas rivipollensis	GCF_046079545.1	948519
Aeromonas                     	Aeromonas rivuli	GCF_020149575.1	648794
Aeromonas                     	Aeromonas salmonicida	GCF_028355655.1	645 
Aeromonas                     	Aeromonas sanarellii	GCF_000820085.1	633415
Aeromonas                     	Aeromonas schubertii	GCF_001481395.1	652 
Aeromonas                     	Aeromonas simiae	GCF_014892695.1	218936
Aeromonas                     	Aeromonas sobria	GCF_000820145.1	646 
Aeromonas                     	Aeromonas taiwanensis	GCF_000820165.1	633417
Aeromonas                     	Aeromonas tecta	GCF_000820185.1	324617
Aeromonas                     	Aeromonas veronii	GCF_008693705.1	654 
Aeromonas hydrophila          	Organism Name	Assembly Accession	Organism Taxonomic ID
Aeromonas hydrophila          	Aeromonas hydrophila subsp. hydrophila ATCC 7966	GCF_000014805.1	380703
Aeromonas sobria              	Organism Name	Assembly Accession	Organism Taxonomic ID
Aeromonas sobria              	Aeromonas sobria	GCF_000820145.1	646 
Aeromonas sp.                 	-         	No reference found  
Aeromonas veronii biovar veronii	-         	No reference found  
Aeromonas veronii bv. Veronii 	-         	No reference found  
Aggregatibacter actinomycetemcomitans	Organism Name	Assembly Accession	Organism Taxonomic ID
Aggregatibacter actinomycetemcomitans	Aggregatibacter actinomycetemcomitans	GCF_023518055.1	714 
Aggregatibacter aphrophilus   	Organism Name	Assembly Accession	Organism Taxonomic ID
Aggregatibacter aphrophilus   	Aggregatibacter aphrophilus ATCC 33389	GCF_900636915.1	985008
Agrobacterium radiobacte      	-         	No reference found  
Agrobacterium tumefaciens     	Organism Name	Assembly Accession	Organism Taxonomic ID
Agrobacterium tumefaciens     	Agrobacterium tumefaciens	GCF_013318015.2	358 
Anaerobiospirillum succiniciproducen	-         	No reference found  
Arcanobacterium haemolyticum  	Organism Name	Assembly Accession	Organism Taxonomic ID
Arcanobacterium haemolyticum  	Arcanobacterium haemolyticum	GCF_900475915.1	28264
Arcanobacterium haemolyticum  	Organism Name	Assembly Accession	Organism Taxonomic ID
Arcanobacterium haemolyticum  	Arcanobacterium haemolyticum	GCF_900475915.1	28264
Arcobacter cryaerophilus      	Organism Name	Assembly Accession	Organism Taxonomic ID
Arcobacter cryaerophilus      	Aliarcobacter cryaerophilus ATCC 43158	GCF_003660105.1	1032070
Atlantibacter hermannii       	Organism Name	Assembly Accession	Organism Taxonomic ID
Atlantibacter hermannii       	Atlantibacter hermannii	GCF_016027855.1	565 
Atopobium rimae               	Organism Name	Assembly Accession	Organism Taxonomic ID
Atopobium rimae               	Lancefieldella rimae ATCC 49626	GCF_000174015.1	553184
Atopobium vaginae             	Organism Name	Assembly Accession	Organism Taxonomic ID
Atopobium vaginae             	Fannyhessea vaginae	GCF_016026575.1	82135
Avibacterium gallinarum       	Organism Name	Assembly Accession	Organism Taxonomic ID
Avibacterium gallinarum       	Avibacterium gallinarum	GCF_004362535.1	755 
Bacillus                      	-         	No reference found  
Bacillus cereus              	-         	No reference found  
Bacillus anthracis            	Organism Name	Assembly Accession	Organism Taxonomic ID
Bacillus anthracis            	Bacillus anthracis str. 'Ames Ancestor'	GCF_000008445.1	261594
Bacillus circulans            	Organism Name	Assembly Accession	Organism Taxonomic ID
Bacillus circulans            	Niallia circulans	GCF_013267435.1	1397
Bacillus clausii              	Organism Name	Assembly Accession	Organism Taxonomic ID
Bacillus clausii              	Shouchella clausii	GCF_034479305.1	79880
Bacillus licheniformis        	Organism Name	Assembly Accession	Organism Taxonomic ID
Bacillus licheniformis        	Bacillus licheniformis	GCF_034478925.1	1402
Bacillus megaterium           	Organism Name	Assembly Accession	Organism Taxonomic ID
Bacillus megaterium           	Priestia megaterium NBRC 15308 = ATCC 14581	GCF_006094495.1	1348623
Bacillus mycoides             	Organism Name	Assembly Accession	Organism Taxonomic ID
Bacillus mycoides             	Bacillus mycoides	GCF_018739485.1	1405
Bacillus paranthracis         	Organism Name	Assembly Accession	Organism Taxonomic ID
Bacillus paranthracis         	Bacillus paranthracis	GCF_024296885.1	2026186
Bacillus pumilus              	Organism Name	Assembly Accession	Organism Taxonomic ID
Bacillus pumilus              	Bacillus pumilus SAFR-032	GCF_000017885.4	315750
Bacillus sp                   	-         	No reference found  
Bacteroides fragilis          	Organism Name	Assembly Accession	Organism Taxonomic ID
Bacteroides fragilis          	Bacteroides fragilis NCTC 9343	GCF_000025985.1	272559
Bacteroides pyogenes          	Organism Name	Assembly Accession	Organism Taxonomic ID
Bacteroides pyogenes          	Bacteroides pyogenes	GCF_055384215.1	310300
Bartonella                    	Organism Name	Assembly Accession	Organism Taxonomic ID
Bartonella                    	Bartonella acomydis	GCF_039543025.1	686234
Bartonella                    	Bartonella alsatica	GCF_013388295.1	52764
Bartonella                    	Bartonella ancashensis	GCF_001281405.1	1318743
Bartonella                    	Bartonella australis AUST/NH1	GCF_000341355.1	1094489
Bartonella                    	Bartonella bacilliformis KC583	GCF_000015445.1	360095
Bartonella                    	Bartonella bennetti	GCF_045945445.1	3070220
Bartonella                    	Bartonella bilalgolemi	GCF_023500045.1	2942911
Bartonella                    	Bartonella birtlesii LL-WM9	GCF_000278095.1	1094552
Bartonella                    	Bartonella bovis 91-4	GCF_000384965.1	1094491
Bartonella                    	Bartonella callosciuri	GCF_014203215.1	686223
Bartonella                    	Bartonella capreoli	GCF_902813205.1	155192
Bartonella                    	Bartonella chomelii	GCF_014138465.1	236402
Bartonella                    	Bartonella clarridgeiae 73	GCF_000253015.1	696125
Bartonella                    	Bartonella doshiae	GCF_900445535.1	33044
Bartonella                    	Bartonella eidoli	GCF_036576145.1	3112254
Bartonella                    	Bartonella elizabethae	GCF_900638615.1	807 
Bartonella                    	Bartonella florencae	GCF_000312525.1	928210
Bartonella                    	Bartonella fuyuanensis	GCF_014197255.1	1460968
Bartonella                    	Bartonella gabonensis	GCF_903679515.1	2699889
Bartonella                    	Bartonella gliris	GCF_045277155.1	3004109
Bartonella                    	Bartonella grahamii as4aup	GCF_000022725.1	634504
Bartonella                    	Bartonella harrusi	GCF_024297065.1	2961895
Bartonella                    	Bartonella heixiaziensis	GCF_046245125.2	1461000
Bartonella                    	Bartonella henselae	GCF_019930925.1	38323
Bartonella                    	Bartonella jaculi	GCF_039543045.1	686226
Bartonella                    	Bartonella japonica	GCF_040545385.1	357761
Bartonella                    	Bartonella koehlerae C-29	GCF_000706625.1	1134510
Bartonella                    	Bartonella kosoyi	GCF_003606325.2	2133959
Bartonella                    	Bartonella krasnovii	GCF_003606345.3	2267275
Bartonella                    	Bartonella machadoae	GCF_022559585.1	2893471
Bartonella                    	Bartonella massiliensis	GCF_902150025.1	929795
Bartonella                    	Bartonella mastomydis	GCF_900185775.1	1820002
Bartonella                    	Bartonella melophagi K-2C	GCF_000278255.1	1094557
Bartonella                    	Bartonella numerosa	GCF_037070845.1	3112255
Bartonella                    	Bartonella occidentalis	GCF_037070875.1	3112256
Bartonella                    	Bartonella pachyuromydis	GCF_039543065.1	931097
Bartonella                    	Bartonella phoceensis	GCF_902825145.1	270249
Bartonella                    	Bartonella propinqua	GCF_047263965.1	3385560
Bartonella                    	Bartonella queenslandensis	GCF_018155095.1	481138
Bartonella                    	Bartonella quintana	GCF_009936175.1	803 
Bartonella                    	Bartonella raoultii	GCF_019659805.1	1457020
Bartonella                    	Bartonella rattaustraliani AUST/NH4	GCF_000312565.1	1205681
Bartonella                    	Bartonella rattimassiliensis 15908	GCF_000278215.1	1094556
Bartonella                    	Bartonella refiksaydamii	GCF_902652675.1	2654951
Bartonella                    	Bartonella rhinolophi	GCF_036576165.1	3113620
Bartonella                    	Bartonella rochalimae ATCC BAA-1498	GCF_000706645.1	685782
Bartonella                    	Bartonella saheliensis	GCF_902162175.1	1457016
Bartonella                    	Bartonella schoenbuchensis	GCF_039555305.1	165694
Bartonella                    	Bartonella senegalensis OS02	GCF_000312545.1	929794
Bartonella                    	Bartonella silvatica	GCF_040545155.1	357760
Bartonella                    	Bartonella taylorii	GCF_023920085.1	33046
Bartonella                    	Bartonella tribocorum CIP 105476	GCF_000196435.1	382640
Bartonella                    	Bartonella vaga	GCF_037070895.1	3112257
Bartonella                    	Bartonella vinsonii	GCF_900638635.1	33047
Bartonella                    	Candidatus Bartonella washoeensis Sb944nv	GCF_000278135.1	1094563
Bartonella bacilliformis      	Organism Name	Assembly Accession	Organism Taxonomic ID
Bartonella bacilliformis      	Bartonella bacilliformis KC583	GCF_000015445.1	360095
Bartonella bovis              	Organism Name	Assembly Accession	Organism Taxonomic ID
Bartonella bovis              	Bartonella bovis 91-4	GCF_000384965.1	1094491
Bartonella henselae           	Organism Name	Assembly Accession	Organism Taxonomic ID
Bartonella henselae           	Bartonella henselae	GCF_019930925.1	38323
Bartonella koehlerae         	-         	No reference found  
Bartonella quintana           	Organism Name	Assembly Accession	Organism Taxonomic ID
Bartonella quintana           	Bartonella quintana	GCF_009936175.1	803 
Bartonella sp                 	-         	No reference found  
Bartonella vinsonii subsp. arupensis	-         	No reference found  
Brachyspira pilosicoli        	Organism Name	Assembly Accession	Organism Taxonomic ID
Brachyspira pilosicoli        	Brachyspira pilosicoli 95/1000	GCF_000143725.1	759914
Brevibacillus laterosporus    	Organism Name	Assembly Accession	Organism Taxonomic ID
Brevibacillus laterosporus    	Brevibacillus laterosporus DSM 25	GCF_002706795.1	1121121
Brucella melitensis           	Organism Name	Assembly Accession	Organism Taxonomic ID
Brucella melitensis           	Brucella melitensis bv. 1 str. 16M	GCF_000007125.1	224914
Burkholderia pseudomallei     	Organism Name	Assembly Accession	Organism Taxonomic ID
Burkholderia pseudomallei     	Burkholderia pseudomallei	GCF_030297255.1	28450
Campylobacter rectus          	Organism Name	Assembly Accession	Organism Taxonomic ID
Campylobacter rectus          	Campylobacter rectus	GCF_004803795.1	203 
Capnocytophaga                	Organism Name	Assembly Accession	Organism Taxonomic ID
Capnocytophaga                	Capnocytophaga bilenii	GCF_017565765.1	2819369
Capnocytophaga                	Capnocytophaga canimorsus	GCF_002302565.1	28188
Capnocytophaga                	Capnocytophaga canis	GCF_043187445.1	1848903
Capnocytophaga                	Capnocytophaga catalasegens	GCF_026005215.1	1004260
Capnocytophaga                	Capnocytophaga cynodegmi	GCF_002302475.1	28189
Capnocytophaga                	Capnocytophaga endodontalis	GCF_002209445.1	2708117
Capnocytophaga                	Capnocytophaga felis	GCF_009684755.1	2267611
Capnocytophaga                	Capnocytophaga gingivalis	GCF_002302415.1	1017
Capnocytophaga                	Capnocytophaga granulosa	GCF_900446675.1	45242
Capnocytophaga                	Capnocytophaga haemolytica	GCF_900187255.1	45243
Capnocytophaga                	Capnocytophaga leadbetteri	GCF_003054025.1	327575
Capnocytophaga                	Capnocytophaga ochracea DSM 7271	GCF_000023285.1	521097
Capnocytophaga                	Capnocytophaga periodontitidis	GCF_016126015.1	2795027
Capnocytophaga                	Capnocytophaga sputigena	GCF_002302495.1	1019
Capnocytophaga                	Capnocytophaga stomatis	GCF_002302635.1	1848904
Capnocytophaga canimorsus     	Organism Name	Assembly Accession	Organism Taxonomic ID
Capnocytophaga canimorsus     	Capnocytophaga canimorsus	GCF_002302565.1	28188
Capnocytophaga canis          	Organism Name	Assembly Accession	Organism Taxonomic ID
Capnocytophaga canis          	Capnocytophaga canis	GCF_043187445.1	1848903
Capnocytophaga cynodegm       	-         	No reference found  
Capnocytophaga sputigena      	Organism Name	Assembly Accession	Organism Taxonomic ID
Capnocytophaga sputigena      	Capnocytophaga sputigena	GCF_002302495.1	1019
Cardiobacterium hominis       	Organism Name	Assembly Accession	Organism Taxonomic ID
Cardiobacterium hominis       	Cardiobacterium hominis	GCF_900637305.1	2718
Cardiobacterium valvarum      	Organism Name	Assembly Accession	Organism Taxonomic ID
Cardiobacterium valvarum      	Cardiobacterium valvarum	GCF_900460955.1	194702
Chlamydia                     	Organism Name	Assembly Accession	Organism Taxonomic ID
Chlamydia                     	Candidatus Chlamydia corallus	GCF_002817655.1	2038470
Chlamydia                     	Candidatus Chlamydia sanziniae	GCF_001653975.1	1806891
Chlamydia                     	Chlamydia abortus	GCF_040235295.1	83555
Chlamydia                     	Chlamydia avium	GCF_000417735.2	1457141
Chlamydia                     	Chlamydia buteonis	GCF_019056495.1	2494525
Chlamydia                     	Chlamydia caviae GPIC	GCF_000007605.1	227941
Chlamydia                     	Chlamydia crocodili	GCF_018343815.1	2766982
Chlamydia                     	Chlamydia felis Fe/C-56	GCF_000009945.1	264202
Chlamydia                     	Chlamydia gallinacea 08-1274/3	GCF_000471025.2	1143323
Chlamydia                     	Chlamydia ibidis 10-1398/6	GCF_000454725.1	1046581
Chlamydia                     	Chlamydia muridarum str. Nigg	GCF_000006685.1	243161
Chlamydia                     	Chlamydia pecorum	GCF_020549965.1	85991
Chlamydia                     	Chlamydia pneumoniae TW-183	GCF_000007205.1	182082
Chlamydia                     	Chlamydia poikilotherma	GCF_900239975.1	1967783
Chlamydia                     	Chlamydia psittaci 6BC	GCF_000204255.1	331636
Chlamydia                     	Chlamydia serpentis	GCF_900239945.1	1967782
Chlamydia                     	Chlamydia suis	GCF_900149385.2	83559
Chlamydia                     	Chlamydia trachomatis D/UW-3/CX	GCF_000008725.1	272561
Chlamydia                     	Chlamydia vaughanii	GCF_964023145.2	3112552
Chlamydia abortus             	Organism Name	Assembly Accession	Organism Taxonomic ID
Chlamydia abortus             	Chlamydia abortus	GCF_040235295.1	83555
Chlamydia avium               	Organism Name	Assembly Accession	Organism Taxonomic ID
Chlamydia avium               	Chlamydia avium	GCF_000417735.2	1457141
Chlamydia caviae              	Organism Name	Assembly Accession	Organism Taxonomic ID
Chlamydia caviae              	Chlamydia caviae GPIC	GCF_000007605.1	227941
Chlamydia felis               	Organism Name	Assembly Accession	Organism Taxonomic ID
Chlamydia felis               	Chlamydia felis Fe/C-56	GCF_000009945.1	264202
Chlamydia gallinacea          	Organism Name	Assembly Accession	Organism Taxonomic ID
Chlamydia gallinacea          	Chlamydia gallinacea 08-1274/3	GCF_000471025.2	1143323
Chlamydia ibidis              	Organism Name	Assembly Accession	Organism Taxonomic ID
Chlamydia ibidis              	Chlamydia ibidis 10-1398/6	GCF_000454725.1	1046581
Chlamydia muridarum           	Organism Name	Assembly Accession	Organism Taxonomic ID
Chlamydia muridarum           	Chlamydia muridarum str. Nigg	GCF_000006685.1	243161
Chlamydia pecorum             	Organism Name	Assembly Accession	Organism Taxonomic ID
Chlamydia pecorum             	Chlamydia pecorum	GCF_020549965.1	85991
Chlamydia pneumoniae          	Organism Name	Assembly Accession	Organism Taxonomic ID
Chlamydia pneumoniae          	Chlamydia pneumoniae TW-183	GCF_000007205.1	182082
Chlamydia psittaci            	Organism Name	Assembly Accession	Organism Taxonomic ID
Chlamydia psittaci            	Chlamydia psittaci 6BC	GCF_000204255.1	331636
Chlamydia sp.                 	-         	No reference found  
Chlamydia suis                	Organism Name	Assembly Accession	Organism Taxonomic ID
Chlamydia suis                	Chlamydia suis	GCF_900149385.2	83559
Chlamydia trachomatis         	Organism Name	Assembly Accession	Organism Taxonomic ID
Chlamydia trachomatis         	Chlamydia trachomatis D/UW-3/CX	GCF_000008725.1	272561
Chlamydophila                 	Organism Name	Assembly Accession	Organism Taxonomic ID
Chlamydophila                 	Candidatus Chlamydia corallus	GCF_002817655.1	2038470
Chlamydophila                 	Candidatus Chlamydia sanziniae	GCF_001653975.1	1806891
Chlamydophila                 	Chlamydia abortus	GCF_040235295.1	83555
Chlamydophila                 	Chlamydia avium	GCF_000417735.2	1457141
Chlamydophila                 	Chlamydia buteonis	GCF_019056495.1	2494525
Chlamydophila                 	Chlamydia caviae GPIC	GCF_000007605.1	227941
Chlamydophila                 	Chlamydia crocodili	GCF_018343815.1	2766982
Chlamydophila                 	Chlamydia felis Fe/C-56	GCF_000009945.1	264202
Chlamydophila                 	Chlamydia gallinacea 08-1274/3	GCF_000471025.2	1143323
Chlamydophila                 	Chlamydia ibidis 10-1398/6	GCF_000454725.1	1046581
Chlamydophila                 	Chlamydia muridarum str. Nigg	GCF_000006685.1	243161
Chlamydophila                 	Chlamydia pecorum	GCF_020549965.1	85991
Chlamydophila                 	Chlamydia pneumoniae TW-183	GCF_000007205.1	182082
Chlamydophila                 	Chlamydia poikilotherma	GCF_900239975.1	1967783
Chlamydophila                 	Chlamydia psittaci 6BC	GCF_000204255.1	331636
Chlamydophila                 	Chlamydia serpentis	GCF_900239945.1	1967782
Chlamydophila                 	Chlamydia suis	GCF_900149385.2	83559
Chlamydophila                 	Chlamydia trachomatis D/UW-3/CX	GCF_000008725.1	272561
Chlamydophila                 	Chlamydia vaughanii	GCF_964023145.2	3112552
Chromobacterium aquaticum     	Organism Name	Assembly Accession	Organism Taxonomic ID
Chromobacterium aquaticum     	Chromobacterium aquaticum	GCF_021129195.1	467180
Chromobacterium haemolyticum  	Organism Name	Assembly Accession	Organism Taxonomic ID
Chromobacterium haemolyticum  	Chromobacterium haemolyticum	GCF_009936155.1	394935
Chromobacterium violaceum     	Organism Name	Assembly Accession	Organism Taxonomic ID
Chromobacterium violaceum     	Chromobacterium violaceum ATCC 12472	GCF_000007705.1	243365
Chryseobacterium gleum        	Organism Name	Assembly Accession	Organism Taxonomic ID
Chryseobacterium gleum        	Chryseobacterium gleum	GCF_016766875.1	250 
Citrobacter                   	Organism Name	Assembly Accession	Organism Taxonomic ID
Citrobacter                   	Citrobacter amalonaticus	GCF_020099335.1	35703
Citrobacter                   	Citrobacter arsenatis	GCF_004353845.1	2546350
Citrobacter                   	Citrobacter bitternis	GCF_042658825.1	1585982
Citrobacter                   	Citrobacter braakii	GCF_009648935.1	57706
Citrobacter                   	Citrobacter cronae	GCF_016893685.1	1748967
Citrobacter                   	Citrobacter enshiensis	GCF_030487725.1	2971264
Citrobacter                   	Citrobacter europaeus	GCF_037482245.1	1914243
Citrobacter                   	Citrobacter farmeri	GCF_019048065.1	67824
Citrobacter                   	Citrobacter freundii	GCF_904859905.1	546 
Citrobacter                   	Citrobacter gillenii	GCF_013337685.1	67828
Citrobacter                   	Citrobacter koseri ATCC BAA-895	GCF_000018045.1	290338
Citrobacter                   	Citrobacter meridianamericanus	GCF_041320245.1	2894201
Citrobacter                   	Citrobacter murliniae	GCF_004801125.1	67829
Citrobacter                   	Citrobacter pasteurii	GCF_019047765.1	1563222
Citrobacter                   	Citrobacter portucalensis	GCF_023374935.1	1639133
Citrobacter                   	Citrobacter rodentium NBRC 105723 = DSM 16636	GCF_021278985.1	1218085
Citrobacter                   	Citrobacter sedlakii	GCF_018128425.1	67826
Citrobacter                   	Citrobacter telavivensis	GCF_041807075.1	2653932
Citrobacter                   	Citrobacter tructae	GCF_004684345.1	2562449
Citrobacter                   	Citrobacter werkmanii	GCF_008693645.1	67827
Citrobacter                   	Citrobacter youngae	GCF_030294585.1	133448
Citrobacter koseri            	Organism Name	Assembly Accession	Organism Taxonomic ID
Citrobacter koseri            	Citrobacter koseri ATCC BAA-895	GCF_000018045.1	290338
Citrobacter rodentium         	Organism Name	Assembly Accession	Organism Taxonomic ID
Citrobacter rodentium         	Citrobacter rodentium NBRC 105723 = DSM 16636	GCF_021278985.1	1218085
Citrobacter sp                	-         	No reference found  
Clostridium botulinum group III strain	-         	No reference found  
Clostridium cadaveris         	Organism Name	Assembly Accession	Organism Taxonomic ID
Clostridium cadaveris         	Clostridium cadaveris	GCF_020911725.1	1529
Clostridium clostridioforme   	-         	No reference found  
Clostridium colicanis         	Organism Name	Assembly Accession	Organism Taxonomic ID
Clostridium colicanis         	Clostridium thermopalmarium DSM 5974	GCF_002995795.1	1121340
Clostridium hathewayi         	Organism Name	Assembly Accession	Organism Taxonomic ID
Clostridium hathewayi         	Hungatella hathewayi	GCF_025149285.1	154046
Clostridium novyi             	Organism Name	Assembly Accession	Organism Taxonomic ID
Clostridium novyi             	Clostridium novyi NT	GCF_000014125.1	386415
Clostridium perfringens       	Organism Name	Assembly Accession	Organism Taxonomic ID
Clostridium perfringens       	Clostridium perfringens	GCF_016027375.1	1502
Clostridium septicum          	Organism Name	Assembly Accession	Organism Taxonomic ID
Clostridium septicum          	Clostridium septicum	GCF_003606265.1	1504
Clostridium sordellii         	Organism Name	Assembly Accession	Organism Taxonomic ID
Clostridium sordellii         	Paraclostridium sordellii	GCF_000953675.1	1505
Clostridium tertium           	Organism Name	Assembly Accession	Organism Taxonomic ID
Clostridium tertium           	Clostridium tertium	GCF_054733335.1	1559
Comamonas kerstersii          	Organism Name	Assembly Accession	Organism Taxonomic ID
Comamonas kerstersii          	Comamonas kerstersii	GCF_002056725.1	225992
Comamonas testosteroni        	Organism Name	Assembly Accession	Organism Taxonomic ID
Comamonas testosteroni        	Comamonas testosteroni	GCF_016599875.1	285 
Corynebacterium               	Organism Name	Assembly Accession	Organism Taxonomic ID
Corynebacterium               	Candidatus Corynebacterium faecigallinarum	GCF_058137965.1	2838528
Corynebacterium               	Corynebacterium accolens	GCF_023520795.1	38284
Corynebacterium               	Corynebacterium afermentans subsp. lipophilum	GCF_030408375.1	144184
Corynebacterium               	Corynebacterium alimapuense	GCF_003716585.1	1576874
Corynebacterium               	Corynebacterium ammoniagenes DSM 20306	GCF_001941425.1	649754
Corynebacterium               	Corynebacterium amycolatum	GCF_016889425.1	43765
Corynebacterium               	Corynebacterium anserum	GCF_014262665.1	2684406
Corynebacterium               	Corynebacterium antarcticum	GCF_016595285.2	2800405
Corynebacterium               	Corynebacterium appendicis CIP 107643	GCF_030408415.1	1161099
Corynebacterium               	Corynebacterium aquatimens	GCF_030408395.1	1190508
Corynebacterium               	Corynebacterium aquilae DSM 44791	GCF_001941445.1	1431546
Corynebacterium               	Corynebacterium argentoratense DSM 44202	GCF_000590555.1	1348662
Corynebacterium               	Corynebacterium atrinae	GCF_030408455.1	1336740
Corynebacterium               	Corynebacterium atypicum	GCF_000732945.1	191610
Corynebacterium               	Corynebacterium aurimucosum ATCC 700975	GCF_000022905.1	548476
Corynebacterium               	Corynebacterium auris	GCF_030408575.1	44750
Corynebacterium               	Corynebacterium auriscanis	GCF_030408435.1	99807
Corynebacterium               	Corynebacterium axilliensis	GCF_046097495.1	3383589
Corynebacterium               	Corynebacterium belfantii	GCF_041898185.1	2014537
Corynebacterium               	Corynebacterium bouchesdurhonense	GCF_900078305.2	1720192
Corynebacterium               	Corynebacterium bovis	GCF_003932295.1	36808
Corynebacterium               	Corynebacterium breve	GCF_030252165.1	3049799
Corynebacterium               	Corynebacterium callunae DSM 20147	GCF_000344785.1	1121353
Corynebacterium               	Corynebacterium camporealensis	GCF_000980815.1	161896
Corynebacterium               	Corynebacterium canis	GCF_030408595.1	679663
Corynebacterium               	Corynebacterium capitovis DSM 44611	GCF_030440535.1	1121354
Corynebacterium               	Corynebacterium casei LMG S-19264	GCF_000550785.1	1285583
Corynebacterium               	Corynebacterium caspium DSM 44850	GCF_030440555.1	1121355
Corynebacterium               	Corynebacterium choanae	GCF_003813965.1	1862358
Corynebacterium               	Corynebacterium ciconiae DSM 44920	GCF_030440575.1	1121356
Corynebacterium               	Corynebacterium comes	GCF_009734405.1	2675218
Corynebacterium               	Corynebacterium confusum	GCF_030408715.1	71254
Corynebacterium               	Corynebacterium coyleae	GCF_019048165.1	53374
Corynebacterium               	Corynebacterium crudilactis	GCF_001643015.1	1652495
Corynebacterium               	Corynebacterium curieae	GCF_027570035.1	2913500
Corynebacterium               	Corynebacterium cystitidis	GCF_900187295.1	35757
Corynebacterium               	Corynebacterium dentalis	GCF_900232865.1	2014528
Corynebacterium               	Corynebacterium deserti GIMN1.010	GCF_001277995.1	931089
Corynebacterium               	Corynebacterium diphtheriae	GCF_001457455.1	1717
Corynebacterium               	Corynebacterium doosanense CAU 212 = DSM 45436	GCF_000767055.1	558173
Corynebacterium               	Corynebacterium drakensteinense	GCF_041224285.1	3104612
Corynebacterium               	Corynebacterium durum	GCF_030408675.1	61592
Corynebacterium               	Corynebacterium efficiens YS-314	GCF_000011305.1	196164
Corynebacterium               	Corynebacterium endometrii	GCF_004795735.1	2488819
Corynebacterium               	Corynebacterium epidermidicanis	GCF_001021025.1	1050174
Corynebacterium               	Corynebacterium evansiae	GCF_027570065.1	2913499
Corynebacterium               	Corynebacterium faecale	GCF_030408735.1	1758466
Corynebacterium               	Corynebacterium faecium	GCF_027257105.1	3016001
Corynebacterium               	Corynebacterium falsenii	GCF_020099275.1	108486
Corynebacterium               	Corynebacterium felinum	GCF_030408755.1	131318
Corynebacterium               	Corynebacterium flavescens	GCF_001941465.1	28028
Corynebacterium               	Corynebacterium fournieri	GCF_030408775.1	1852390
Corynebacterium               	Corynebacterium frankenforstense DSM 45800	GCF_001941485.1	1437875
Corynebacterium               	Corynebacterium freiburgense	GCF_030408815.1	556548
Corynebacterium               	Corynebacterium freneyi	GCF_019047805.1	134034
Corynebacterium               	Corynebacterium gallinarum	GCF_014837045.1	2762214
Corynebacterium               	Corynebacterium genitalium ATCC 33030	GCF_024453835.1	585529
Corynebacterium               	Corynebacterium gerontici	GCF_003813985.1	2079234
Corynebacterium               	Corynebacterium glaucum	GCF_030408855.1	187491
Corynebacterium               	Corynebacterium glucuronolyticum DSM 44120	GCF_030440595.1	1121361
Corynebacterium               	Corynebacterium glutamicum ATCC 13032	GCF_000011325.1	196627
Corynebacterium               	Corynebacterium glyciniphilum AJ 3170	GCF_000626675.1	1404245
Corynebacterium               	Corynebacterium godavarianum	GCF_007559235.1	2054421
Corynebacterium               	Corynebacterium gottingense	GCF_030408875.1	2041036
Corynebacterium               	Corynebacterium guangdongense	GCF_030408915.1	1783348
Corynebacterium               	Corynebacterium guaraldiae	GCF_053480195.1	3051103
Corynebacterium               	Corynebacterium hadale	GCF_002285125.1	2026255
Corynebacterium               	Corynebacterium haematomassiliense	GCF_013978595.1	2754726
Corynebacterium               	Corynebacterium halotolerans YIM 70093 = DSM 44683	GCF_000341345.1	1121362
Corynebacterium               	Corynebacterium hansenii	GCF_030408795.1	394964
Corynebacterium               	Corynebacterium heidelbergense	GCF_028609845.1	2055947
Corynebacterium               	Corynebacterium hesseae	GCF_037850265.1	2913502
Corynebacterium               	Corynebacterium hindlerae	GCF_014117265.1	699041
Corynebacterium               	Corynebacterium hiratae	GCF_009708045.1	3139423
Corynebacterium               	Corynebacterium humireducens NBRC 106098 = DSM 45392	GCF_000819445.1	1223515
Corynebacterium               	Corynebacterium hylobatis	GCF_003955685.1	1859290
Corynebacterium               	Corynebacterium ihumii	GCF_028609825.1	1232427
Corynebacterium               	Corynebacterium imitans	GCF_900187215.1	156978
Corynebacterium               	Corynebacterium incognitum	GCF_014217255.1	2754725
Corynebacterium               	Corynebacterium intestinale	GCF_023574125.1	2943492
Corynebacterium               	Corynebacterium jamesii	GCF_046097395.1	3383590
Corynebacterium               	Corynebacterium jeddahense	GCF_028609865.1	1414719
Corynebacterium               	Corynebacterium jeikeium	GCF_028609885.1	38289
Corynebacterium               	Corynebacterium kalidii	GCF_022869005.1	2931982
Corynebacterium               	Corynebacterium kalinowskii	GCF_009734385.1	2675216
Corynebacterium               	Corynebacterium kefirresidentii	GCF_016599755.1	1979527
Corynebacterium               	Corynebacterium kozikiae	GCF_024580965.1	2968469
Corynebacterium               	Corynebacterium kroppenstedtii DSM 44385	GCF_000023145.1	645127
Corynebacterium               	Corynebacterium kutscheri	GCF_000980835.1	35755
Corynebacterium               	Corynebacterium lactis RW2-5	GCF_001274895.1	1408189
Corynebacterium               	Corynebacterium lehmanniae	GCF_043161975.1	2913497
Corynebacterium               	Corynebacterium lemuris	GCF_024919295.1	1859292
Corynebacterium               	Corynebacterium liangguodongii	GCF_003070865.1	2079535
Corynebacterium               	Corynebacterium lipophiloflavum DSM 44291	GCF_000159635.1	525263
Corynebacterium               	Corynebacterium lipophilum	GCF_024102595.1	2804918
Corynebacterium               	Corynebacterium lizhenjunii	GCF_011038655.2	2709394
Corynebacterium               	Corynebacterium lowii	GCF_001412085.1	1544413
Corynebacterium               	Corynebacterium lubricantis DSM 45231	GCF_000379425.1	1121363
Corynebacterium               	Corynebacterium lujinxingii	GCF_014490555.1	2763010
Corynebacterium               	Corynebacterium macclintockiae	GCF_027570165.1	2913501
Corynebacterium               	Corynebacterium macginleyi	GCF_016889465.1	38290
Corynebacterium               	Corynebacterium marambiense	GCF_016342275.1	2765364
Corynebacterium               	Corynebacterium marinum DSM 44953	GCF_000835165.1	1224162
Corynebacterium               	Corynebacterium maris DSM 45190	GCF_000442645.1	1224163
Corynebacterium               	Corynebacterium marquesiae	GCF_027570155.1	2913503
Corynebacterium               	Corynebacterium massiliense DSM 45435	GCF_028609805.1	1121364
Corynebacterium               	Corynebacterium mastitidis DSM 44356	GCF_000375365.1	1121365
Corynebacterium               	Corynebacterium matruchotii ATCC 14266	GCF_000175375.1	553207
Corynebacterium               	Corynebacterium mayonis	GCF_038452275.1	3062461
Corynebacterium               	Corynebacterium megadyptis subsp. dunedinense	GCF_008930985.1	2080511
Corynebacterium               	Corynebacterium meitnerae	GCF_027570075.1	2913498
Corynebacterium               	Corynebacterium mendelii	GCF_017307055.1	2765362
Corynebacterium               	Corynebacterium meridianum	GCF_016342265.1	2765363
Corynebacterium               	Corynebacterium minutissimum	GCF_900478045.1	38301
Corynebacterium               	Corynebacterium mucifaciens	GCF_012396315.1	57171
Corynebacterium               	Corynebacterium mustelae	GCF_001020985.1	571915
Corynebacterium               	Corynebacterium mycetoides	GCF_900103625.1	38302
Corynebacterium               	Corynebacterium nasicanis	GCF_042658165.1	1448267
Corynebacterium               	Corynebacterium neomassiliense	GCF_900626215.1	2079482
Corynebacterium               	Corynebacterium nuruki S6-4	GCF_007970465.1	863239
Corynebacterium               	Corynebacterium occultum	GCF_009734425.1	2675219
Corynebacterium               	Corynebacterium oculi	GCF_001412105.1	1544416
Corynebacterium               	Corynebacterium otitidis ATCC 51513	GCF_000296405.1	883169
Corynebacterium               	Corynebacterium pacaense	GCF_900169525.1	1816684
Corynebacterium               	Corynebacterium parakroppenstedtii	GCF_019754935.1	2828363
Corynebacterium               	Corynebacterium pelargi	GCF_004114895.1	1471400
Corynebacterium               	Corynebacterium phocae	GCF_001941565.1	161895
Corynebacterium               	Corynebacterium phoceense	GCF_900092335.1	1686286
Corynebacterium               	Corynebacterium pilbarense	GCF_026930265.1	1288393
Corynebacterium               	Corynebacterium pilosum	GCF_900447205.1	35756
Corynebacterium               	Corynebacterium pollutisoli	GCF_900177745.1	1610489
Corynebacterium               	Corynebacterium poyangense	GCF_014522205.1	2684405
Corynebacterium               	Corynebacterium propinquum	GCF_016728665.1	43769
Corynebacterium               	Corynebacterium provencense	GCF_022641305.1	1737425
Corynebacterium               	Corynebacterium pseudodiphtheriticum	GCF_023509295.1	37637
Corynebacterium               	Corynebacterium pseudogenitalium	GCF_024453815.1	38303
Corynebacterium               	Corynebacterium pseudokroppenstedtii	GCF_030486685.2	2804917
Corynebacterium               	Corynebacterium pseudopelargi	GCF_003814005.1	2080757
Corynebacterium               	Corynebacterium pseudotuberculosis	GCF_002155265.1	1719
Corynebacterium               	Corynebacterium pygosceleis	GCF_016595275.2	2800406
Corynebacterium               	Corynebacterium pyruviciproducens ATCC BAA-1742	GCF_000411375.1	1125779
Corynebacterium               	Corynebacterium qintianiae	GCF_011038645.2	2709392
Corynebacterium               	Corynebacterium ramonii	GCF_000767685.1	3026968
Corynebacterium               	Corynebacterium renale	GCF_900478035.1	1724
Corynebacterium               	Corynebacterium resistens DSM 45100	GCF_000177535.2	662755
Corynebacterium               	Corynebacterium rhinophilum	GCF_030227225.2	3050197
Corynebacterium               	Corynebacterium riegelii	GCF_001263755.1	156976
Corynebacterium               	Corynebacterium rouxii	GCF_902702935.1	2719119
Corynebacterium               	Corynebacterium sanguinis	GCF_007641235.1	2594913
Corynebacterium               	Corynebacterium senegalense	GCF_900411315.1	2080750
Corynebacterium               	Corynebacterium silvaticum	GCF_002162115.2	2320431
Corynebacterium               	Corynebacterium simulans	GCF_001586235.1	146827
Corynebacterium               	Corynebacterium singulare	GCF_000833575.1	161899
Corynebacterium               	Corynebacterium sphenisci DSM 44792	GCF_001941505.1	1437874
Corynebacterium               	Corynebacterium spheniscorum	GCF_900113445.1	185761
Corynebacterium               	Corynebacterium sputi DSM 45148	GCF_000427865.1	1111729
Corynebacterium               	Corynebacterium stationis	GCF_001941345.1	1705
Corynebacterium               	Corynebacterium stercoris	GCF_024160105.1	2943490
Corynebacterium               	Corynebacterium striatum	GCF_016728105.1	43770
Corynebacterium               	Corynebacterium suedekumii	GCF_030252185.1	3049801
Corynebacterium               	Corynebacterium suicordis	GCF_031454255.1	203264
Corynebacterium               	Corynebacterium suranareeae	GCF_002355155.1	2506452
Corynebacterium               	Corynebacterium tapiri	GCF_006334925.1	1448266
Corynebacterium               	Corynebacterium terpenotabidum Y-11	GCF_000418365.1	1200352
Corynebacterium               	Corynebacterium testudinoris	GCF_001021045.1	136857
Corynebacterium               	Corynebacterium timonense 5401744	GCF_000312345.1	1203190
Corynebacterium               	Corynebacterium tuberculostearicum	GCF_016728365.1	38304
Corynebacterium               	Corynebacterium tuscaniense DNF00037	GCF_000759055.1	1401064
Corynebacterium               	Corynebacterium uberis	GCF_020616335.1	2883169
Corynebacterium               	Corynebacterium ulcerans 809	GCF_000215645.1	945711
Corynebacterium               	Corynebacterium ulceribovis DSM 45146	GCF_000372445.1	1121370
Corynebacterium               	Corynebacterium urealyticum	GCF_900187235.1	43771
Corynebacterium               	Corynebacterium ureicelerivorans	GCF_000747315.1	401472
Corynebacterium               	Corynebacterium urinipleomorphum	GCF_900155535.1	1852380
Corynebacterium               	Corynebacterium urogenitale	GCF_009026825.1	2487892
Corynebacterium               	Corynebacterium uropygiale	GCF_021568315.1	1775911
Corynebacterium               	Corynebacterium uterequi	GCF_001021065.1	1072256
Corynebacterium               	Corynebacterium variabile	GCF_006539825.1	1727
Corynebacterium               	Corynebacterium vitaeruminis DSM 20294	GCF_000550805.1	1224164
Corynebacterium               	Corynebacterium wankanglinii	GCF_013601005.1	2735136
Corynebacterium               	Corynebacterium xerosis NBRC 16721 = ATCC 373	GCF_001552415.1	1223513
Corynebacterium               	Corynebacterium yonathiae	GCF_027570195.1	2913504
Corynebacterium               	Corynebacterium yudongzhengii	GCF_003065405.1	2080740
Corynebacterium               	Corynebacterium zhongnanshanii	GCF_014490575.1	2768834
Corynebacterium amycolatum    	Organism Name	Assembly Accession	Organism Taxonomic ID
Corynebacterium amycolatum    	Corynebacterium amycolatum	GCF_016889425.1	43765
Corynebacterium bovis         	Organism Name	Assembly Accession	Organism Taxonomic ID
Corynebacterium bovis         	Corynebacterium bovis	GCF_003932295.1	36808
Corynebacterium bovis         	Organism Name	Assembly Accession	Organism Taxonomic ID
Corynebacterium bovis         	Corynebacterium bovis	GCF_003932295.1	36808
Corynebacterium diphtheriae   	Organism Name	Assembly Accession	Organism Taxonomic ID
Corynebacterium diphtheriae   	Corynebacterium diphtheriae	GCF_001457455.1	1717
Corynebacterium falsenii      	Organism Name	Assembly Accession	Organism Taxonomic ID
Corynebacterium falsenii      	Corynebacterium falsenii	GCF_020099275.1	108486
Corynebacterium freneyi       	Organism Name	Assembly Accession	Organism Taxonomic ID
Corynebacterium freneyi       	Corynebacterium freneyi	GCF_019047805.1	134034
Corynebacterium jeikeium      	Organism Name	Assembly Accession	Organism Taxonomic ID
Corynebacterium jeikeium      	Corynebacterium jeikeium	GCF_028609885.1	38289
Corynebacterium macginley     	-         	No reference found  
Corynebacterium macginleyi    	Organism Name	Assembly Accession	Organism Taxonomic ID
Corynebacterium macginleyi    	Corynebacterium macginleyi	GCF_016889465.1	38290
Corynebacterium minutissimum  	Organism Name	Assembly Accession	Organism Taxonomic ID
Corynebacterium minutissimum  	Corynebacterium minutissimum	GCF_900478045.1	38301
Corynebacterium mustelae      	Organism Name	Assembly Accession	Organism Taxonomic ID
Corynebacterium mustelae      	Corynebacterium mustelae	GCF_001020985.1	571915
Corynebacterium pseudodiphtheriticum	Organism Name	Assembly Accession	Organism Taxonomic ID
Corynebacterium pseudodiphtheriticum	Corynebacterium pseudodiphtheriticum	GCF_023509295.1	37637
Corynebacterium pseudotuberculosis	Organism Name	Assembly Accession	Organism Taxonomic ID
Corynebacterium pseudotuberculosis	Corynebacterium pseudotuberculosis	GCF_002155265.1	1719
Corynebacterium spp           	-         	No reference found  
Corynebacterium striatum      	Organism Name	Assembly Accession	Organism Taxonomic ID
Corynebacterium striatum      	Corynebacterium striatum	GCF_016728105.1	43770
Corynebacterium striatum      	Organism Name	Assembly Accession	Organism Taxonomic ID
Corynebacterium striatum      	Corynebacterium striatum	GCF_016728105.1	43770
Corynebacterium ulcerans      	Organism Name	Assembly Accession	Organism Taxonomic ID
Corynebacterium ulcerans      	Corynebacterium ulcerans 809	GCF_000215645.1	945711
Coxiella burnetii             	Organism Name	Assembly Accession	Organism Taxonomic ID
Coxiella burnetii             	Coxiella burnetii RSA 493	GCF_000007765.2	227377
Cronobacter sakazakii         	Organism Name	Assembly Accession	Organism Taxonomic ID
Cronobacter sakazakii         	Cronobacter sakazakii	GCF_003516125.1	28141
Cryptococcus albid            	-         	No reference found  
Cryptococcus arboriformis     	Organism Name	Assembly Accession	Organism Taxonomic ID
Cryptococcus arboriformis     	Cutaneotrichosporon arboriforme	GCA_002335565.1	387937
Cryptococcus laurentii        	Organism Name	Assembly Accession	Organism Taxonomic ID
Cryptococcus laurentii        	Papiliotrema laurentii	GCA_031326905.1	5418
Cryptococcus neoforman        	-         	No reference found  
Cupriavidus gilardii          	Organism Name	Assembly Accession	Organism Taxonomic ID
Cupriavidus gilardii          	Cupriavidus gilardii	GCF_013347325.1	82541
Cupriavidus pauculus          	Organism Name	Assembly Accession	Organism Taxonomic ID
Cupriavidus pauculus          	Cupriavidus pauculus	GCF_019931045.1	82633
Cutibacterium acnes           	Organism Name	Assembly Accession	Organism Taxonomic ID
Cutibacterium acnes           	Cutibacterium acnes subsp. acnes	GCF_006739385.1	1734925
Delftia lacustris             	Organism Name	Assembly Accession	Organism Taxonomic ID
Delftia lacustris             	Delftia lacustris	GCF_040267515.1	558537
Delftia tsuruhatensis         	Organism Name	Assembly Accession	Organism Taxonomic ID
Delftia tsuruhatensis         	Delftia tsuruhatensis	GCF_029215875.1	180282
Desulfovibrio desulfuricans   	Organism Name	Assembly Accession	Organism Taxonomic ID
Desulfovibrio desulfuricans   	Desulfovibrio desulfuricans	GCF_017815575.1	876 
Desulfovibrio fairfieldensis  	Organism Name	Assembly Accession	Organism Taxonomic ID
Desulfovibrio fairfieldensis  	Desulfovibrio fairfieldensis	GCF_001553605.1	44742
Desulfovibrio legallii        	Organism Name	Assembly Accession	Organism Taxonomic ID
Desulfovibrio legallii        	Desulfovibrio legallii	GCF_042652825.1	571438
Eggerthella lenta             	Organism Name	Assembly Accession	Organism Taxonomic ID
Eggerthella lenta             	Eggerthella lenta	GCF_021378605.1	84112
Eikenella corrodens           	Organism Name	Assembly Accession	Organism Taxonomic ID
Eikenella corrodens           	Eikenella corrodens	GCF_900187105.1	539 
Elizabethkingia anophelis     	Organism Name	Assembly Accession	Organism Taxonomic ID
Elizabethkingia anophelis     	Elizabethkingia anophelis R26	GCF_002023665.2	1246994
Elizabethkingia meningoseptica	Organism Name	Assembly Accession	Organism Taxonomic ID
Elizabethkingia meningoseptica	Elizabethkingia meningoseptica	GCF_900475375.1	238 
Elizabethkingia miricola      	Organism Name	Assembly Accession	Organism Taxonomic ID
Elizabethkingia miricola      	Elizabethkingia miricola	GCF_001483145.1	172045
Enterobacter                  	Organism Name	Assembly Accession	Organism Taxonomic ID
Enterobacter                  	Enterobacter adelaidei	GCF_041937165.1	3142537
Enterobacter                  	Enterobacter asburiae	GCF_007035805.1	61645
Enterobacter                  	Enterobacter bugandensis	GCF_900324475.1	881260
Enterobacter                  	Enterobacter cancerogenus	GCF_019047785.1	69218
Enterobacter                  	Enterobacter chengduensis	GCF_001984825.2	2494701
Enterobacter                  	Enterobacter chinensis	GCF_034008295.1	3030997
Enterobacter                  	Enterobacter chuandaensis	GCF_039718975.1	2497875
Enterobacter                  	Enterobacter cloacae	GCF_905331265.2	550 
Enterobacter                  	Enterobacter dykesii	GCF_008364625.2	2797506
Enterobacter                  	Enterobacter hormaechei	GCF_019048245.1	158836
Enterobacter                  	Enterobacter huaxiensis	GCF_003594935.2	2494702
Enterobacter                  	Enterobacter intestinihominis	GCF_048568405.1	3133180
Enterobacter                  	Enterobacter kobei	GCF_023023125.1	208224
Enterobacter                  	Enterobacter ludwigii	GCF_001750725.1	299767
Enterobacter                  	Enterobacter mori	GCF_022014715.1	539813
Enterobacter                  	Enterobacter nematophilus	GCF_026344075.1	2994648
Enterobacter                  	Enterobacter oligotrophicus	GCF_009176645.1	2478464
Enterobacter                  	Enterobacter pasteurii	GCF_014930725.1	3029761
Enterobacter                  	Enterobacter pseudoroggenkampii	GCF_030406165.1	2996112
Enterobacter                  	Enterobacter quasihormaechei	GCF_004331385.1	2529382
Enterobacter                  	Enterobacter quasimori	GCF_018597345.1	2838947
Enterobacter                  	Enterobacter quasiroggenkampii	GCF_043972695.1	2497436
Enterobacter                  	Enterobacter roggenkampii	GCF_001729805.1	1812935
Enterobacter                  	Enterobacter rongchengensis	GCF_034008275.1	3030999
Enterobacter                  	Enterobacter sichuanensis	GCF_009036245.1	2071710
Enterobacter                  	Enterobacter soli	GCF_000224675.1	885040
Enterobacter                  	Enterobacter vonholyi	GCF_040834095.1	2797505
Enterobacter                  	Enterobacter wuhouensis	GCF_035835995.1	2529381
Enterobacter bugandensis      	Organism Name	Assembly Accession	Organism Taxonomic ID
Enterobacter bugandensis      	Enterobacter bugandensis	GCF_900324475.1	881260
Enterobacter cloacae          	Organism Name	Assembly Accession	Organism Taxonomic ID
Enterobacter cloacae          	Enterobacter cloacae	GCF_905331265.2	550 
Enterobacter ludwigii         	Organism Name	Assembly Accession	Organism Taxonomic ID
Enterobacter ludwigii         	Enterobacter ludwigii	GCF_001750725.1	299767
Enterobacter sakazakii        	Organism Name	Assembly Accession	Organism Taxonomic ID
Enterobacter sakazakii        	Cronobacter sakazakii	GCF_003516125.1	28141
Enterobacter sp               	-         	No reference found  
Enterococcus                  	Organism Name	Assembly Accession	Organism Taxonomic ID
Enterococcus                  	Candidatus Enterococcus clewellii	GCF_002140975.2	1834193
Enterococcus                  	Candidatus Enterococcus courvalinii	GCF_017315945.1	2815329
Enterococcus                  	Candidatus Enterococcus dunnyi	GCF_002174455.2	1834192
Enterococcus                  	Candidatus Enterococcus ferrettii	GCF_017377655.2	2815324
Enterococcus                  	Candidatus Enterococcus huntleyi	GCF_009933175.1	1857217
Enterococcus                  	Candidatus Enterococcus ikei	GCF_017316105.1	2815326
Enterococcus                  	Candidatus Enterococcus lemimoniae	GCF_002148425.2	1834167
Enterococcus                  	Candidatus Enterococcus lowellii	GCF_017426705.2	2230877
Enterococcus                  	Candidatus Enterococcus mangumiae	GCF_017316305.2	2230878
Enterococcus                  	Candidatus Enterococcus mansonii	GCF_002140715.2	1834181
Enterococcus                  	Candidatus Enterococcus moelleringii	GCF_017377575.1	2815325
Enterococcus                  	Candidatus Enterococcus murrayae	GCF_017315985.1	2815321
Enterococcus                  	Candidatus Enterococcus palustris	GCF_002141365.2	1834189
Enterococcus                  	Candidatus Enterococcus testudinis	GCF_002140915.1	1834191
Enterococcus                  	Candidatus Enterococcus willemsii	GCF_009933335.1	1857215
Enterococcus                  	Candidatus Enterococcus wittei	GCF_002140175.1	1987383
Enterococcus                  	Enterococcus alcedinis	GCF_014635985.1	1274384
Enterococcus                  	Enterococcus alishanensis	GCF_019218635.1	1303817
Enterococcus                  	Enterococcus aquimarinus	GCF_001885765.1	328396
Enterococcus                  	Enterococcus asini ATCC 700915	GCF_000407365.1	1158606
Enterococcus                  	Enterococcus avium	GCF_002891025.1	33945
Enterococcus                  	Enterococcus bulliens	GCF_053761865.1	1665476
Enterococcus                  	Enterococcus caccae ATCC BAA-1240	GCF_000394055.1	1158612
Enterococcus                  	Enterococcus camelliae	GCF_042685105.1	453959
Enterococcus                  	Enterococcus canintestini	GCF_053761725.1	317010
Enterococcus                  	Enterococcus canis NBRC 100695	GCF_001544375.1	1349765
Enterococcus                  	Enterococcus casseliflavus	GCF_029215545.1	37734
Enterococcus                  	Enterococcus cecorum	GCF_900474605.1	44008
Enterococcus                  	Enterococcus columbae DSM 7374 = ATCC 51263	GCF_000407225.1	1121865
Enterococcus                  	Enterococcus crotali	GCF_053761665.1	1453587
Enterococcus                  	Enterococcus devriesei	GCF_053761625.1	319970
Enterococcus                  	Enterococcus diestrammenae	GCF_049384045.1	1155073
Enterococcus                  	Enterococcus dispar ATCC 51266	GCF_000406945.1	1139219
Enterococcus                  	Enterococcus dongliensis	GCF_031927985.1	2559925
Enterococcus                  	Enterococcus durans	GCF_002277935.1	53345
Enterococcus                  	Enterococcus entomosocium	GCF_049319245.1	3034352
Enterococcus                  	Enterococcus eurekensis	GCF_042654605.1	1159753
Enterococcus                  	Enterococcus faecalis EnGen0336	GCF_000393015.1	1169293
Enterococcus                  	Enterococcus faecium	GCF_009734005.1	1352
Enterococcus                  	Enterococcus florum	GCF_004309355.1	2480627
Enterococcus                  	Enterococcus gallinarum	GCF_021496385.1	1353
Enterococcus                  	Enterococcus gilvus	GCF_003343305.1	160453
Enterococcus                  	Enterococcus haemoperoxidus ATCC BAA-382	GCF_000393995.1	1158608
Enterococcus                  	Enterococcus hailinensis	GCF_045862035.1	3238988
Enterococcus                  	Enterococcus hermanniensis	GCF_053761245.1	249189
Enterococcus                  	Enterococcus hirae	GCF_016766815.1	1354
Enterococcus                  	Enterococcus hulanensis	GCF_005405485.1	2559929
Enterococcus                  	Enterococcus infantis	GCF_049166715.1	3411036
Enterococcus                  	Enterococcus innesii	GCF_022846515.1	2839759
Enterococcus                  	Enterococcus italicus	GCF_023743875.1	246144
Enterococcus                  	Enterococcus lactis	GCF_019343125.1	357441
Enterococcus                  	Enterococcus larvae	GCF_017830045.1	2794352
Enterococcus                  	Enterococcus lemanii	GCF_016909125.1	1159752
Enterococcus                  	Enterococcus malodoratus	GCF_027659535.1	71451
Enterococcus                  	Enterococcus massiliensis	GCF_001050095.1	1640685
Enterococcus                  	Enterococcus mediterraneensis	GCF_900604485.1	2364791
Enterococcus                  	Enterococcus montenegrensis	GCF_029983095.1	3031993
Enterococcus                  	Enterococcus moraviensis ATCC BAA-383	GCF_000394015.1	1158609
Enterococcus                  	Enterococcus mundtii	GCF_002813755.1	53346
Enterococcus                  	Enterococcus nangangensis	GCF_005405245.1	2559926
Enterococcus                  	Enterococcus olivae	GCF_053760925.1	1242999
Enterococcus                  	Enterococcus pallens ATCC BAA-351	GCF_000393975.1	1158607
Enterococcus                  	Enterococcus phoeniculicola ATCC BAA-412	GCF_000394035.1	1158610
Enterococcus                  	Enterococcus pingfangensis	GCF_005405205.1	2559924
Enterococcus                  	Enterococcus plantarum	GCF_001730295.1	1077675
Enterococcus                  	Enterococcus pseudoavium NBRC 100491	GCF_001544295.1	1218092
Enterococcus                  	Enterococcus quebecensis	GCF_001730365.1	903983
Enterococcus                  	Enterococcus raffinosus	GCF_019175485.1	71452
Enterococcus                  	Enterococcus ratti	GCF_001886195.1	150033
Enterococcus                  	Enterococcus rivorum	GCF_042648305.1	762845
Enterococcus                  	Enterococcus rotai	GCF_040049835.1	118060
Enterococcus                  	Enterococcus saccharolyticus subsp. saccharolyticus	GCF_029023825.1	1814218
Enterococcus                  	Enterococcus saigonensis	GCF_011397115.1	1805431
Enterococcus                  	Enterococcus salsurae	GCF_054784955.1	3447172
Enterococcus                  	Enterococcus silesiacus	GCF_001886225.1	332949
Enterococcus                  	Enterococcus songbeiensis	GCF_055383875.1	2559927
Enterococcus                  	Enterococcus spodopteracolus	GCF_030441955.1	3034501
Enterococcus                  	Enterococcus sulfureus ATCC 49903	GCF_000407605.1	1140003
Enterococcus                  	Enterococcus termitis	GCF_001886275.1	332950
Enterococcus                  	Enterococcus thailandicus	GCF_002290025.1	417368
Enterococcus                  	Enterococcus timonensis	GCF_900104595.1	1852364
Enterococcus                  	Enterococcus ureasiticus	GCF_001730285.1	903984
Enterococcus                  	Enterococcus ureilyticus	GCF_001730315.1	1131292
Enterococcus                  	Enterococcus viikkiensis	GCF_005405345.1	930854
Enterococcus                  	Enterococcus villorum ATCC 700913	GCF_000407205.1	1158604
Enterococcus                  	Enterococcus wangshanyuanii	GCF_002197645.1	2005703
Enterococcus                  	Enterococcus xiangfangensis	GCF_005405365.1	1296537
Enterococcus faecalis         	Organism Name	Assembly Accession	Organism Taxonomic ID
Enterococcus faecalis         	Enterococcus faecalis EnGen0336	GCF_000393015.1	1169293
Enterococcus faecium          	Organism Name	Assembly Accession	Organism Taxonomic ID
Enterococcus faecium          	Enterococcus faecium	GCF_009734005.1	1352
Enterococcus raffinosus       	Organism Name	Assembly Accession	Organism Taxonomic ID
Enterococcus raffinosus       	Enterococcus raffinosus	GCF_019175485.1	71452
Enterococcus sp               	-         	No reference found  
Erysipelothrix rhusiopathiae  	Organism Name	Assembly Accession	Organism Taxonomic ID
Erysipelothrix rhusiopathiae  	Erysipelothrix rhusiopathiae str. Fujisawa	GCF_000270085.1	650150
Escherichia coli              	Organism Name	Assembly Accession	Organism Taxonomic ID
Escherichia coli              	Escherichia coli O157:H7 str. Sakai	GCF_000008865.2	386585
Escherichia coli              	Escherichia coli str. K-12 substr. MG1655	GCF_000005845.2	511145
Finegoldia magna              	Organism Name	Assembly Accession	Organism Taxonomic ID
Finegoldia magna              	Finegoldia magna	GCF_057198065.1	1260
Francisella tularensis subsp. novicida	Organism Name	Assembly Accession	Organism Taxonomic ID
Francisella tularensis subsp. novicida	Francisella tularensis subsp. novicida D9876	GCF_000833355.1	1450527
Fusobacterium necrophorum     	Organism Name	Assembly Accession	Organism Taxonomic ID
Fusobacterium necrophorum     	Fusobacterium necrophorum subsp. funduliforme	GCF_050994935.1	143387
Fusobacterium nucleatum       	Organism Name	Assembly Accession	Organism Taxonomic ID
Fusobacterium nucleatum       	Fusobacterium nucleatum subsp. nucleatum ATCC 25586	GCF_003019295.1	190304
Gardnerella vaginalis         	Organism Name	Assembly Accession	Organism Taxonomic ID
Gardnerella vaginalis         	Gardnerella vaginalis ATCC 14018 = JCM 11026	GCF_001042655.1	585528
Gemella bergeri               	Organism Name	Assembly Accession	Organism Taxonomic ID
Gemella bergeri               	Gemella bergeri ATCC 700627	GCF_000469465.1	1321820
Gemella haemolysans           	Organism Name	Assembly Accession	Organism Taxonomic ID
Gemella haemolysans           	Gemella haemolysans	GCF_008692995.1	1379
Gemella morbillorum           	Organism Name	Assembly Accession	Organism Taxonomic ID
Gemella morbillorum           	Gemella morbillorum	GCF_900476045.1	29391
Gemella sanguinis             	Organism Name	Assembly Accession	Organism Taxonomic ID
Gemella sanguinis             	Gemella sanguinis	GCF_053758955.1	84135
Globicatella sanguinis        	Organism Name	Assembly Accession	Organism Taxonomic ID
Globicatella sanguinis        	Globicatella sanguinis	GCF_002847845.2	13076
Gordonia bronchialis          	Organism Name	Assembly Accession	Organism Taxonomic ID
Gordonia bronchialis          	Gordonia bronchialis DSM 43247	GCF_000024785.1	526226
Gordonia polyisoprenivorans   	Organism Name	Assembly Accession	Organism Taxonomic ID
Gordonia polyisoprenivorans   	Gordonia polyisoprenivorans VH2	GCF_000247715.1	1112204
Gordonia sputi                	Organism Name	Assembly Accession	Organism Taxonomic ID
Gordonia sputi                	Gordonia sputi NBRC 100414	GCF_000248055.1	1089453
Gordonibacter pamelaeae       	Organism Name	Assembly Accession	Organism Taxonomic ID
Gordonibacter pamelaeae       	Gordonibacter pamelaeae	GCF_003340385.1	471189
Haemophilus aphrophilus       	Organism Name	Assembly Accession	Organism Taxonomic ID
Haemophilus aphrophilus       	Aggregatibacter aphrophilus ATCC 33389	GCF_900636915.1	985008
Haemophilus influenza         	-         	No reference found  
Hafnia alvei                  	Organism Name	Assembly Accession	Organism Taxonomic ID
Hafnia alvei                  	Hafnia alvei	GCF_011617105.1	569 
Helcococcus kunzii            	Organism Name	Assembly Accession	Organism Taxonomic ID
Helcococcus kunzii            	Helcococcus kunzii ATCC 51366	GCF_000245755.1	883114
Helcococcus seattlensis       	-         	No reference found  
Helicobacter cinaedi          	Organism Name	Assembly Accession	Organism Taxonomic ID
Helicobacter cinaedi          	Helicobacter cinaedi PAGU611	GCF_000284635.1	1172562
Helicobacter fennelliae       	Organism Name	Assembly Accession	Organism Taxonomic ID
Helicobacter fennelliae       	Helicobacter fennelliae	GCF_900451005.1	215 
Helicobacter pylori           	Organism Name	Assembly Accession	Organism Taxonomic ID
Helicobacter pylori           	Helicobacter pylori	GCF_025998455.1	210 
Inquilinus limosus            	Organism Name	Assembly Accession	Organism Taxonomic ID
Inquilinus limosus            	Inquilinus limosus DSM 16000	GCF_000423185.1	1122125
Kingella kingae               	Organism Name	Assembly Accession	Organism Taxonomic ID
Kingella kingae               	Kingella kingae	GCF_900475905.1	504 
Klebsiella aerogenes          	Organism Name	Assembly Accession	Organism Taxonomic ID
Klebsiella aerogenes          	Klebsiella aerogenes	GCF_019048125.1	548 
Klebsiella oxytoca            	Organism Name	Assembly Accession	Organism Taxonomic ID
Klebsiella oxytoca            	Klebsiella oxytoca	GCF_900636985.1	571 
Klebsiella pneumoniae         	Organism Name	Assembly Accession	Organism Taxonomic ID
Klebsiella pneumoniae         	Klebsiella pneumoniae subsp. pneumoniae HS11286	GCF_000240185.1	1125630
Kocuria kristinae             	Organism Name	Assembly Accession	Organism Taxonomic ID
Kocuria kristinae             	Rothia kristinae	GCF_016028855.1	37923
Kocuria rosea                 	Organism Name	Assembly Accession	Organism Taxonomic ID
Kocuria rosea                 	Kocuria rosea	GCF_004358895.1	1275
Kytococcus schroeteri         	Organism Name	Assembly Accession	Organism Taxonomic ID
Kytococcus schroeteri         	Kytococcus schroeteri	GCF_042433515.1	138300
Kytococcus sedentarius        	Organism Name	Assembly Accession	Organism Taxonomic ID
Kytococcus sedentarius        	Kytococcus sedentarius	GCF_044813075.1	1276
Lactobacillus acidophilus     	Organism Name	Assembly Accession	Organism Taxonomic ID
Lactobacillus acidophilus     	Lactobacillus acidophilus	GCF_034298135.1	1579
Lactobacillus rhamnosus       	Organism Name	Assembly Accession	Organism Taxonomic ID
Lactobacillus rhamnosus       	Lacticaseibacillus rhamnosus	GCF_900636965.1	47715
Lactococcus lactis            	Organism Name	Assembly Accession	Organism Taxonomic ID
Lactococcus lactis            	Lactococcus lactis subsp. lactis	GCF_003176835.1	1360
Laribacter hongkongensis      	Organism Name	Assembly Accession	Organism Taxonomic ID
Laribacter hongkongensis      	Laribacter hongkongensis DSM 14985	GCF_000423285.1	1122157
Leclercia adecarboxylata      	Organism Name	Assembly Accession	Organism Taxonomic ID
Leclercia adecarboxylata      	Leclercia adecarboxylata	GCF_020097395.1	83655
Legionella                    	Organism Name	Assembly Accession	Organism Taxonomic ID
Legionella                    	Candidatus Legionella polyplacis	GCF_002776555.1	2005262
Legionella                    	Legionella adelaidensis	GCF_001467055.1	45056
Legionella                    	Legionella anisa	GCF_003176875.1	28082
Legionella                    	Legionella antarctica	GCF_011764505.1	2708020
Legionella                    	Legionella beliardensis	GCF_900452395.1	91822
Legionella                    	Legionella birminghamensis	GCF_900452515.1	28083
Legionella                    	Legionella bononiensis	GCF_016786215.1	2793102
Legionella                    	Legionella bozemanae	GCF_900450575.1	447 
Legionella                    	Legionella brunensis	GCF_001467025.1	29422
Legionella                    	Legionella busanensis	GCF_900461525.1	190655
Legionella                    	Legionella cardiaca	GCF_029026145.1	1071983
Legionella                    	Legionella cherrii DSM 19213	GCF_000621385.1	1122160
Legionella                    	Legionella cincinnatiensis	GCF_900452415.1	28085
Legionella                    	Legionella clemsonensis	GCF_002240035.1	1867846
Legionella                    	Legionella drancourtii LLAP12	GCF_000162755.2	658187
Legionella                    	Legionella dresdenensis	GCF_042649825.1	450200
Legionella                    	Legionella drozanskii LLAP-1	GCF_900640075.1	1212489
Legionella                    	Legionella erythra	GCF_001467615.1	448 
Legionella                    	Legionella fairfieldensis	GCF_900640125.1	45064
Legionella                    	Legionella fallonii LLAP-10	GCF_000953135.1	1212491
Legionella                    	Legionella feeleii	GCF_900639755.1	453 
Legionella                    	Legionella geestiana	GCF_004571195.1	45065
Legionella                    	Legionella gratiana	GCF_900452545.1	45066
Legionella                    	Legionella gresilensis	GCF_900639865.1	91823
Legionella                    	Legionella hackeliae	GCF_000953655.1	449 
Legionella                    	Legionella impletisoli	GCF_900639875.1	343510
Legionella                    	Legionella israelensis	GCF_007361795.1	454 
Legionella                    	Legionella jamestowniensis DSM 19215	GCF_900114725.1	1122163
Legionella                    	Legionella jordanis	GCF_900637635.1	456 
Legionella                    	Legionella lansingensis	GCF_900187355.1	45067
Legionella                    	Legionella londiniensis	GCF_900452755.1	45068
Legionella                    	Legionella longbeachae NSW150	GCF_000091785.1	661367
Legionella                    	Legionella lytica	GCF_023921225.1	96232
Legionella                    	Legionella maceachernii	GCF_900460175.1	466 
Legionella                    	Legionella maioricensis	GCF_023618015.1	2896528
Legionella                    	Legionella massiliensis	GCF_000756815.1	1034943
Legionella                    	Legionella micdadei	GCF_000953635.1	451 
Legionella                    	Legionella moravica	GCF_900452715.1	39962
Legionella                    	Legionella nagasakiensis	GCF_900639915.1	535290
Legionella                    	Legionella nautarum	GCF_001467895.1	45070
Legionella                    	Legionella nigrisilvae	GCF_977063395.2	3438426
Legionella                    	Legionella norrlandica	GCF_000770585.1	1498499
Legionella                    	Legionella oakridgensis	GCF_001467925.1	29423
Legionella                    	Legionella parisiensis	GCF_900461585.1	45071
Legionella                    	Legionella petroniana	GCF_020806065.1	2886376
Legionella                    	Legionella pneumophila	GCF_001941585.1	446 
Legionella                    	Legionella qingyii	GCF_003990155.1	2184757
Legionella                    	Legionella quateirensis	GCF_900452695.1	45072
Legionella                    	Legionella quinlivanii	GCF_001467975.1	45073
Legionella                    	Legionella resiliens	GCF_021344005.1	2905958
Legionella                    	Legionella rowbothamii	GCF_900639985.1	96229
Legionella                    	Legionella rubrilucens	GCF_900640015.1	458 
Legionella                    	Legionella sainthelensi	GCF_002848365.2	28087
Legionella                    	Legionella santicrucis	GCF_001468135.1	45074
Legionella                    	Legionella saoudiensis	GCF_001465875.1	1750561
Legionella                    	Legionella septentrionalis	GCF_003989745.1	2498109
Legionella                    	Legionella shakespearei DSM 23087	GCF_001468025.1	1122169
Legionella                    	Legionella sheltonii	GCF_026191355.1	2992041
Legionella                    	Legionella spiritensis	GCF_900186965.1	452 
Legionella                    	Legionella steelei	GCF_001468005.1	947033
Legionella                    	Legionella steigerwaltii	GCF_900452835.1	460 
Legionella                    	Legionella stuttgartensis	GCF_977063405.2	3438425
Legionella                    	Legionella taurinensis	GCF_900452865.1	70611
Legionella                    	Legionella tucsonensis	GCF_900640035.1	40335
Legionella                    	Legionella tunisiensis	GCF_000308315.1	1034944
Legionella                    	Legionella wadsworthii	GCF_900452925.1	28088
Legionella                    	Legionella waltersii	GCF_900187095.1	66969
Legionella                    	Legionella worsleiensis	GCF_900453045.1	45076
Legionella                    	Legionella yabuuchiae	GCF_900640115.1	376727
Legionella pneumophila        	Organism Name	Assembly Accession	Organism Taxonomic ID
Legionella pneumophila        	Legionella pneumophila	GCF_001941585.1	446 
Legionella sp                 	-         	No reference found  
Leifsonia aquatica            	Organism Name	Assembly Accession	Organism Taxonomic ID
Leifsonia aquatica            	Leifsonia aquatica	GCF_014190775.1	144185
Leuconostoc lactis            	Organism Name	Assembly Accession	Organism Taxonomic ID
Leuconostoc lactis            	Leuconostoc lactis	GCF_007954605.1	1246
Leuconostoc pseudomesenteroides	Organism Name	Assembly Accession	Organism Taxonomic ID
Leuconostoc pseudomesenteroides	Leuconostoc pseudomesenteroides	GCF_016127255.1	33968
Listeria                      	Organism Name	Assembly Accession	Organism Taxonomic ID
Listeria                      	Listeria aquatica	GCF_014223975.1	1494960
Listeria                      	Listeria booriae	GCF_000766865.1	1552123
Listeria                      	Listeria cornellensis FSL F6-0969	GCF_000525855.1	1265820
Listeria                      	Listeria cossartiae subsp. cossartiae	GCF_014228695.1	2713603
Listeria                      	Listeria costaricensis	GCF_900183385.1	2026604
Listeria                      	Listeria farberi	GCF_014229295.1	2713500
Listeria                      	Listeria fleischmannii 1991	GCF_001050295.1	1430899
Listeria                      	Listeria floridensis FSL S10-1187	GCF_000525875.1	1265817
Listeria                      	Listeria goaensis	GCF_900186125.1	1649188
Listeria                      	Listeria grandensis	GCF_014322885.1	1494963
Listeria                      	Listeria grayi	GCF_900638015.1	1641
Listeria                      	Listeria immobilis	GCF_014322845.1	2713502
Listeria                      	Listeria innocua	GCF_028596125.1	1642
Listeria                      	Listeria ivanovii subsp. ivanovii	GCF_000763515.1	202751
Listeria                      	Listeria kieliensis	GCF_003369925.1	1621700
Listeria                      	Listeria marthii	GCF_014227425.1	529731
Listeria                      	Listeria monocytogenes EGD-e	GCF_000196035.1	169963
Listeria                      	Listeria seeligeri serovar 1/2b str. SLCC3954	GCF_000027145.1	683837
Listeria                      	Listeria swaminathanii	GCF_031843265.2	2713501
Listeria                      	Listeria tempestatis	GCF_963575625.1	3422319
Listeria                      	Listeria valentina	GCF_011800755.1	2705293
Listeria                      	Listeria welshimeri	GCF_900187315.1	1643
Listeria monocytogenes        	Organism Name	Assembly Accession	Organism Taxonomic ID
Listeria monocytogenes        	Listeria monocytogenes EGD-e	GCF_000196035.1	169963
Listeria sp                   	-         	No reference found  
Lysinibacillus massiliensis   	Organism Name	Assembly Accession	Organism Taxonomic ID
Lysinibacillus massiliensis   	Ureibacillus massiliensis 4400831 = CIP 108448 = CCUG 49529	GCF_002200855.1	1211035
Methylobacterium              	Organism Name	Assembly Accession	Organism Taxonomic ID
Methylobacterium              	Methylobacterium adhaesivum	GCF_022179065.1	333297
Methylobacterium              	Methylobacterium aerolatum	GCF_022179085.1	418708
Methylobacterium              	Methylobacterium ajmalii	GCF_036448855.1	2738439
Methylobacterium              	Methylobacterium alsaeris	GCF_044003835.1	3344826
Methylobacterium              	Methylobacterium amylolyticum	GCF_030700245.1	3071472
Methylobacterium              	Methylobacterium aquaticum	GCF_050408745.1	270351
Methylobacterium              	Methylobacterium brachiatum	GCF_056780285.1	269660
Methylobacterium              	Methylobacterium brachythecii	GCF_014196345.1	1176177
Methylobacterium              	Methylobacterium bullatum	GCF_044501185.1	570505
Methylobacterium              	Methylobacterium carpenticola	GCF_042748905.1	3344827
Methylobacterium              	Methylobacterium cerastii	GCF_022179125.1	932741
Methylobacterium              	Methylobacterium crusticola	GCF_003574465.1	1697972
Methylobacterium              	Methylobacterium currus	GCF_003058325.1	2051553
Methylobacterium              	Methylobacterium dankookense	GCF_902141855.1	560405
Methylobacterium              	Methylobacterium durans	GCF_003173715.1	2202825
Methylobacterium              	Methylobacterium endophyticum	GCF_050591105.1	3418177
Methylobacterium              	Methylobacterium flocculans	GCF_025813715.1	2984843
Methylobacterium              	Methylobacterium frigidaeris	GCF_022179185.1	2038277
Methylobacterium              	Methylobacterium fujisawaense	GCF_039619325.1	107400
Methylobacterium              	Methylobacterium gnaphalii	GCF_007992215.1	1010610
Methylobacterium              	Methylobacterium goesingense	GCF_022179225.1	243690
Methylobacterium              	Methylobacterium gossipiicola	GCF_900113485.1	582675
Methylobacterium              	Methylobacterium gregans	GCF_022179245.1	374424
Methylobacterium              	Methylobacterium guangdongense	GCF_038442355.1	3138811
Methylobacterium              	Methylobacterium haplocladii	GCF_007992175.1	1176176
Methylobacterium              	Methylobacterium hispanicum	GCF_022179285.1	270350
Methylobacterium              	Methylobacterium indicum	GCF_017347565.1	1775910
Methylobacterium              	Methylobacterium iners	GCF_022179305.1	418707
Methylobacterium              	Methylobacterium isbiliense	GCF_022179325.1	315478
Methylobacterium              	Methylobacterium jeotgali	GCF_022179345.1	381630
Methylobacterium              	Methylobacterium komagatae DSM 19563	GCF_059568755.1	1122234
Methylobacterium              	Methylobacterium litchii	GCF_038442315.1	3138810
Methylobacterium              	Methylobacterium longum	GCF_022179385.1	767694
Methylobacterium              	Methylobacterium marchantiae	GCF_042679825.1	600331
Methylobacterium              	Methylobacterium mesophilicum	GCF_022179445.1	39956
Methylobacterium              	Methylobacterium nigriterrae	GCF_037106235.1	3127512
Methylobacterium              	Methylobacterium nodulans ORS 2060	GCF_000022085.1	460265
Methylobacterium              	Methylobacterium nonmethylotrophicum	GCF_004745635.1	1141884
Methylobacterium              	Methylobacterium organophilum	GCF_022533465.1	410 
Methylobacterium              	Methylobacterium oryzae CBMB20	GCF_000757795.1	693986
Methylobacterium              	Methylobacterium oryzihabitans	GCF_004004555.2	2499852
Methylobacterium              	Methylobacterium oryzisoli	GCF_046557895.1	3385502
Methylobacterium              	Methylobacterium oxalidis	GCF_007992195.1	944322
Methylobacterium              	Methylobacterium persicinum	GCF_022179525.1	374426
Methylobacterium              	Methylobacterium phyllosphaerae	GCF_001936175.1	418223
Methylobacterium              	Methylobacterium phyllostachyos	GCF_900103445.1	582672
Methylobacterium              	Methylobacterium planeticum	GCF_008806345.1	2615211
Methylobacterium              	Methylobacterium platani	GCF_001653715.1	427683
Methylobacterium              	Methylobacterium pseudosasicola	GCF_900114535.1	582667
Methylobacterium              	Methylobacterium radiodurans	GCF_003173735.1	2202828
Methylobacterium              	Methylobacterium radiotolerans JCM 2831	GCF_000019725.1	426355
Methylobacterium              	Methylobacterium segetis	GCF_004348265.1	2488750
Methylobacterium              	Methylobacterium soli	GCF_008806385.1	553447
Methylobacterium              	Methylobacterium symbioticum	GCF_053570685.1	2584084
Methylobacterium              	Methylobacterium synurae	GCF_019216885.1	2718876
Methylobacterium              	Methylobacterium tardum	GCF_022179585.1	374432
Methylobacterium              	Methylobacterium tarhaniae	GCF_001043955.1	1187852
Methylobacterium              	Methylobacterium terrae	GCF_003173755.1	2202827
Methylobacterium              	Methylobacterium terricola	GCF_006151805.1	2583531
Methylobacterium              	Methylobacterium thuringiense	GCF_022179645.1	1003091
Methylobacterium              	Methylobacterium trifolii	GCF_022179685.1	1003092
Methylobacterium              	Methylobacterium variabile	GCF_001043975.1	298794
Methylobacterium sp           	-         	No reference found  
Micrococcus                   	Organism Name	Assembly Accession	Organism Taxonomic ID
Micrococcus                   	Micrococcus aloeverae	GCF_022664405.1	1391911
Micrococcus                   	Micrococcus antarcticus	GCF_044872765.1	86171
Micrococcus                   	Micrococcus cohnii	GCF_014205175.1	993416
Micrococcus                   	Micrococcus endophyticus	GCF_014205115.1	455343
Micrococcus                   	Micrococcus flavus	GCF_014204815.1	384602
Micrococcus                   	Micrococcus lacusdianchii	GCF_023155805.1	2915940
Micrococcus                   	Micrococcus luteus NCTC 2665	GCF_900475555.1	465515
Micrococcus                   	Micrococcus lylae	GCF_900163825.1	1273
Micrococcus                   	Micrococcus porci	GCF_020097155.1	2856555
Micrococcus                   	Micrococcus terreus	GCF_900116905.1	574650
Micrococcus                   	Micrococcus yunnanensis	GCF_014138885.1	566027
Micrococcus luteus            	Organism Name	Assembly Accession	Organism Taxonomic ID
Micrococcus luteus            	Micrococcus luteus NCTC 2665	GCF_900475555.1	465515
Micrococcus sp                	-         	No reference found  
Moraxella atlanta             	-         	No reference found  
Moraxella catarrhalis         	Organism Name	Assembly Accession	Organism Taxonomic ID
Moraxella catarrhalis         	Moraxella catarrhalis	GCF_900476075.1	480 
Moraxella lacunata            	Organism Name	Assembly Accession	Organism Taxonomic ID
Moraxella lacunata            	Moraxella lacunata	GCF_029991695.1	477 
Moraxella nonliquefaciens     	Organism Name	Assembly Accession	Organism Taxonomic ID
Moraxella nonliquefaciens     	Moraxella nonliquefaciens	GCF_016028775.1	478 
Moraxella osloensis           	Organism Name	Assembly Accession	Organism Taxonomic ID
Moraxella osloensis           	Faucicola osloensis	GCF_001553955.1	34062
Morganella morganii           	Organism Name	Assembly Accession	Organism Taxonomic ID
Morganella morganii           	Morganella morganii subsp. morganii	GCF_006094455.1	180434
Mycobacterium bovis           	-         	No reference found  
Mycobacterium fortuitum       	Organism Name	Assembly Accession	Organism Taxonomic ID
Mycobacterium fortuitum       	Mycolicibacterium fortuitum subsp. fortuitum	GCF_022179545.1	144549
Mycobacterium intracellulare  	Organism Name	Assembly Accession	Organism Taxonomic ID
Mycobacterium intracellulare  	Mycobacterium intracellulare ATCC 13950	GCF_000277125.1	487521
Mycobacterium kansasi         	-         	No reference found  
Mycobacterium marinum         	Organism Name	Assembly Accession	Organism Taxonomic ID
Mycobacterium marinum         	Mycobacterium marinum E11	GCF_000723425.2	1131442
Mycobacterium neworleansense  	Organism Name	Assembly Accession	Organism Taxonomic ID
Mycobacterium neworleansense  	Mycolicibacterium neworleansense	GCF_001245615.1	146018
Mycobacterium tuberculosis    	Organism Name	Assembly Accession	Organism Taxonomic ID
Mycobacterium tuberculosis    	Mycobacterium tuberculosis H37Rv	GCF_000195955.2	83332
Mycobacterium tuberculosis variant bovis BCG	-         	No reference found  
Mycobacteroides abscessus     	Organism Name	Assembly Accession	Organism Taxonomic ID
Mycobacteroides abscessus     	Mycobacteroides abscessus ATCC 19977	GCF_000069185.1	561007
Mycobacteroides chelonae      	Organism Name	Assembly Accession	Organism Taxonomic ID
Mycobacteroides chelonae      	Mycobacteroides chelonae CCUG 47445	GCF_001632805.1	1460372
Mycolicibacter arupensis      	Organism Name	Assembly Accession	Organism Taxonomic ID
Mycolicibacter arupensis      	Mycolicibacter arupensis	GCF_002086515.1	342002
Mycolicibacterium boenickei   	Organism Name	Assembly Accession	Organism Taxonomic ID
Mycolicibacterium boenickei   	Mycolicibacterium boenickei	GCF_010731295.1	146017
Mycolicibacterium brisbanense 	Organism Name	Assembly Accession	Organism Taxonomic ID
Mycolicibacterium brisbanense 	Mycolicibacterium brisbanense	GCF_001570425.1	146020
Mycolicibacterium canariasense	Organism Name	Assembly Accession	Organism Taxonomic ID
Mycolicibacterium canariasense	Mycolicibacterium canariasense	GCF_002101555.1	228230
Mycolicibacterium cosmeticum  	Organism Name	Assembly Accession	Organism Taxonomic ID
Mycolicibacterium cosmeticum  	Mycolicibacterium cosmeticum	GCF_000613185.1	258533
Mycolicibacterium fortuitum   	Organism Name	Assembly Accession	Organism Taxonomic ID
Mycolicibacterium fortuitum   	Mycolicibacterium fortuitum subsp. fortuitum	GCF_022179545.1	144549
Mycolicibacterium houstonense 	Organism Name	Assembly Accession	Organism Taxonomic ID
Mycolicibacterium houstonense 	Mycolicibacterium houstonense	GCF_025823315.1	146021
Mycolicibacterium peregrinum  	Organism Name	Assembly Accession	Organism Taxonomic ID
Mycolicibacterium peregrinum  	Mycolicibacterium peregrinum	GCF_002102345.1	43304
Mycolicibacterium senegalense 	Organism Name	Assembly Accession	Organism Taxonomic ID
Mycolicibacterium senegalense 	Mycolicibacterium senegalense	GCF_019645875.1	1796
Mycoplasma                    	Organism Name	Assembly Accession	Organism Taxonomic ID
Mycoplasma                    	Candidatus Mycoplasma haematobovis	GCF_001645765.1	432608
Mycoplasma                    	Candidatus Mycoplasma haematohominis	GCF_902712995.1	1494318
Mycoplasma                    	Candidatus Mycoplasma haematominutum 'Birmingham 1'	GCF_000319365.1	1116213
Mycoplasma                    	Candidatus Mycoplasma mahonii	GCF_030550815.1	3004105
Mycoplasma                    	Mycoplasma amphoriforme A39	GCF_000723365.1	572419
Mycoplasma                    	Mycoplasma anserisalpingitidis	GCF_007859615.1	519450
Mycoplasma                    	Mycoplasma aquilae ATCC BAA-1896	GCF_048074525.1	547986
Mycoplasma                    	Mycoplasma bradburyae	GCF_024338845.1	2963128
Mycoplasma                    	Mycoplasma buteonis	GCF_000733865.1	171280
Mycoplasma                    	Mycoplasma capricolum subsp. capricolum ATCC 27343	GCF_000012765.1	340047
Mycoplasma                    	Mycoplasma corogypsi	GCF_045276875.1	2106
Mycoplasma                    	Mycoplasma cottewii	GCF_024918975.1	51364
Mycoplasma                    	Mycoplasma crocodyli MP145	GCF_000025845.1	512564
Mycoplasma                    	Mycoplasma elephantis ATCC 51980	GCF_000687815.1	1408459
Mycoplasma                    	Mycoplasma enhydrae	GCF_025779955.1	2499220
Mycoplasma                    	Mycoplasma feriruminatoris	GCF_029677705.1	1179777
Mycoplasma                    	Mycoplasma hafezii	GCF_049942695.1	525886
Mycoplasma                    	Mycoplasma haliaeeti	GCF_048284645.1	3398774
Mycoplasma                    	Mycoplasma iguanae	GCF_024722375.1	292461
Mycoplasma                    	Mycoplasma leachii PG50	GCF_000183365.1	880447
Mycoplasma                    	Mycoplasma leonicaptivi ATCC 49890	GCF_000622205.1	1448135
Mycoplasma                    	Mycoplasma marinum	GCF_004335975.1	1937190
Mycoplasma                    	Mycoplasma milvi	GCF_048284715.1	3398775
Mycoplasma                    	Mycoplasma miroungigenitalium	GCF_013008635.1	754515
Mycoplasma                    	Mycoplasma miroungirhinis	GCF_013008815.1	754516
Mycoplasma                    	Mycoplasma mycoides subsp. capri	GCF_018389705.1	40477
Mycoplasma                    	Mycoplasma nasistruthionis	GCF_006228185.1	353852
Mycoplasma                    	Mycoplasma ovis str. Michigan	GCF_000508245.1	1415773
Mycoplasma                    	Mycoplasma paraquilae	GCF_048284415.1	3398773
Mycoplasma                    	Mycoplasma parvum str. Indiana	GCF_000477415.1	1403316
Mycoplasma                    	Mycoplasma phocimorsus	GCF_030077865.1	3045839
Mycoplasma                    	Mycoplasma phocoenae	GCF_012934855.1	754517
Mycoplasma                    	Mycoplasma phocoeninasale	GCF_012934885.1	2726117
Mycoplasma                    	Mycoplasma pogonae	GCF_054170725.1	3472838
Mycoplasma                    	Mycoplasma procyoni	GCF_017052595.1	568784
Mycoplasma                    	Mycoplasma putrefaciens	GCF_900476175.1	2123
Mycoplasma                    	Mycoplasma razini	GCF_048076865.1	3398776
Mycoplasma                    	Mycoplasma seminis	GCF_030718845.1	512749
Mycoplasma                    	Mycoplasma simbae ATCC 49888	GCF_000702705.1	1408469
Mycoplasma                    	Mycoplasma struthionis	GCF_003855455.1	538220
Mycoplasma                    	Mycoplasma suis str. Illinois	GCF_000179035.2	768700
Mycoplasma                    	Mycoplasma tauri	GCF_016925555.1	547987
Mycoplasma                    	Mycoplasma testudineum	GCF_004362335.1	244584
Mycoplasma                    	Mycoplasma todarodis	GCF_004335995.1	1937191
Mycoplasma                    	Mycoplasma tracheobuteonis	GCF_054456995.1	3568880
Mycoplasma                    	Mycoplasma tullyi	GCF_014068355.1	1612150
Mycoplasma                    	Mycoplasma wenyonii str. Massachusetts	GCF_000277795.1	1197325
Mycoplasma                    	Mycoplasma yeatsii GM274B	GCF_000875755.1	743967
Mycoplasma                    	Mycoplasma zalophi	GCF_025486335.1	191287
Mycoplasma                    	Mycoplasma zalophidermidis	GCF_024742155.1	398174
Mycoplasma sp                 	-         	No reference found  
Naganishia albida             	Organism Name	Assembly Accession	Organism Taxonomic ID
Naganishia albida             	Naganishia albida	GCA_001599735.1	100951
Neisseria bacilliformis       	Organism Name	Assembly Accession	Organism Taxonomic ID
Neisseria bacilliformis       	Neisseria bacilliformis	GCF_014055025.1	267212
Neisseria elongata            	Organism Name	Assembly Accession	Organism Taxonomic ID
Neisseria elongata            	Neisseria elongata	GCF_900453895.1	495 
Neisseria macacae             	Organism Name	Assembly Accession	Organism Taxonomic ID
Neisseria macacae             	Neisseria macacae ATCC 33926	GCF_022749495.1	997348
Neisseria meningitidis        	Organism Name	Assembly Accession	Organism Taxonomic ID
Neisseria meningitidis        	Neisseria meningitidis	GCF_022869645.1	487 
Nocardia asteroides           	Organism Name	Assembly Accession	Organism Taxonomic ID
Nocardia asteroides           	Nocardia asteroides	GCF_900637185.1	1824
Nocardia cyriacigeorgica      	Organism Name	Assembly Accession	Organism Taxonomic ID
Nocardia cyriacigeorgica      	Nocardia cyriacigeorgica	GCF_002949635.1	135487
Nocardia farcinica            	Organism Name	Assembly Accession	Organism Taxonomic ID
Nocardia farcinica            	Nocardia farcinica IFM 10152	GCF_000009805.1	247156
Nocardia neocaledoniensis     	Organism Name	Assembly Accession	Organism Taxonomic ID
Nocardia neocaledoniensis     	Nocardia neocaledoniensis	GCF_003182135.1	236511
Nocardia thailandica          	Organism Name	Assembly Accession	Organism Taxonomic ID
Nocardia thailandica          	Nocardia thailandica NBRC 100428	GCF_000308795.1	1206740
Ochrobactrum anthropi         	Organism Name	Assembly Accession	Organism Taxonomic ID
Ochrobactrum anthropi         	Brucella anthropi	GCF_015326295.1	529 
Oscillibacter ruminantium     	Organism Name	Assembly Accession	Organism Taxonomic ID
Oscillibacter ruminantium     	Oscillibacter ruminantium GH1	GCF_000307265.1	1007096
Paenibacillus alvei           	Organism Name	Assembly Accession	Organism Taxonomic ID
Paenibacillus alvei           	Paenibacillus alvei	GCF_025547055.2	44250
Pantoea agglomerans           	Organism Name	Assembly Accession	Organism Taxonomic ID
Pantoea agglomerans           	Pantoea agglomerans	GCF_019048385.1	549 
Pantoea dispersa              	Organism Name	Assembly Accession	Organism Taxonomic ID
Pantoea dispersa              	Pantoea dispersa	GCF_019890955.1	59814
Papiliotrema laurentii        	Organism Name	Assembly Accession	Organism Taxonomic ID
Papiliotrema laurentii        	Papiliotrema laurentii	GCA_031326905.1	5418
Parvimonas micra              	Organism Name	Assembly Accession	Organism Taxonomic ID
Parvimonas micra              	Parvimonas micra	GCF_900637905.1	33033
Peptoniphilus                 	Organism Name	Assembly Accession	Organism Taxonomic ID
Peptoniphilus                 	Peptoniphilus asaccharolyticus	GCF_016791605.1	1258
Peptoniphilus                 	Peptoniphilus catoniae	GCF_901447155.2	1660341
Peptoniphilus                 	Peptoniphilus duerdenii ATCC BAA-1640	GCF_000146345.1	862517
Peptoniphilus                 	Peptoniphilus equinus	GCF_027921445.1	3016343
Peptoniphilus                 	Peptoniphilus faecalis	GCF_012976305.1	2731255
Peptoniphilus                 	Peptoniphilus genitalis	GCF_023614525.1	3036303
Peptoniphilus                 	Peptoniphilus gorbachii	GCF_016908115.1	411567
Peptoniphilus                 	Peptoniphilus grossensis ph5	GCF_000311825.1	1118057
Peptoniphilus                 	Peptoniphilus harei	GCF_016726485.1	54005
Peptoniphilus                 	Peptoniphilus indolicus	GCF_900454665.1	33030
Peptoniphilus                 	Peptoniphilus koenoeneniae	GCF_030812875.1	507751
Peptoniphilus                 	Peptoniphilus lacrimalis	GCF_900454715.1	33031
Peptoniphilus                 	Peptoniphilus lacydonensis	GCF_900106515.1	1673725
Peptoniphilus                 	Peptoniphilus mikwangii	GCF_000468535.1	1354300
Peptoniphilus                 	Peptoniphilus obesi ph1	GCF_000311865.1	1118062
Peptoniphilus                 	Peptoniphilus olsenii	GCF_040545475.1	411570
Peptoniphilus                 	Peptoniphilus ovalis	GCF_018919265.1	2841503
Peptoniphilus                 	Peptoniphilus pacaensis	GCF_900088125.1	1776390
Peptoniphilus                 	Peptoniphilus phoceensis	GCF_001517665.2	1720298
Peptoniphilus                 	Peptoniphilus porci	GCF_001940285.1	2652280
Peptoniphilus                 	Peptoniphilus rachelemmaiella	GCF_943169845.1	2811779
Peptoniphilus                 	Peptoniphilus raoultii	GCF_900099555.1	1776387
Peptoniphilus                 	Peptoniphilus rhinitidis 1-13	GCF_000246925.1	875454
Peptoniphilus                 	Peptoniphilus senegalensis JC140	GCF_000321025.1	1033744
Peptoniphilus                 	Peptoniphilus stercorisuis	GCF_017874395.1	1436965
Peptoniphilus                 	Peptoniphilus timonensis JC401	GCF_000312025.1	1095770
Peptoniphilus                 	Peptoniphilus vaginalis	GCF_900176605.1	1756987
Peptoniphilus spp.            	-         	No reference found  
Peptostreptococcus anaerobius 	Organism Name	Assembly Accession	Organism Taxonomic ID
Peptostreptococcus anaerobius 	Peptostreptococcus anaerobius 653-L	GCF_000178095.1	596329
Plesiomonas shigelloides      	Organism Name	Assembly Accession	Organism Taxonomic ID
Plesiomonas shigelloides      	Plesiomonas shigelloides	GCF_020991025.1	703 
Porphyromonas gingivalis      	Organism Name	Assembly Accession	Organism Taxonomic ID
Porphyromonas gingivalis      	Porphyromonas gingivalis ATCC 33277	GCF_000010505.1	431947
Prevotella bivia              	Organism Name	Assembly Accession	Organism Taxonomic ID
Prevotella bivia              	Prevotella bivia DSM 20514	GCF_000262545.1	868129
Propionibacterium             	Organism Name	Assembly Accession	Organism Taxonomic ID
Propionibacterium             	Propionibacterium acidifaciens	GCF_003798325.1	556499
Propionibacterium             	Propionibacterium australiense	GCF_900637915.1	119981
Propionibacterium             	Propionibacterium cyclohexanicum	GCF_900111365.1	64702
Propionibacterium             	Propionibacterium freudenreichii subsp. freudenreichii	GCF_000940845.1	66712
Propionibacterium             	Propionibacterium ruminifibrarum	GCF_900289195.1	1962131
Propionibacterium sp          	-         	No reference found  
Proteus                       	-         	No reference found  
Proteus sp                    	-         	No reference found  
Providencia alcalifaciens     	Organism Name	Assembly Accession	Organism Taxonomic ID
Providencia alcalifaciens     	Providencia alcalifaciens	GCF_002393505.1	126385
Providencia heimbachae        	Organism Name	Assembly Accession	Organism Taxonomic ID
Providencia heimbachae        	Providencia heimbachae	GCF_900475855.1	333962
Providencia rettgeri          	Organism Name	Assembly Accession	Organism Taxonomic ID
Providencia rettgeri          	Providencia rettgeri	GCF_019048105.1	587 
Providencia rustigianii       	Organism Name	Assembly Accession	Organism Taxonomic ID
Providencia rustigianii       	Providencia rustigianii	GCF_900637755.1	158850
Providencia stuartii          	Organism Name	Assembly Accession	Organism Taxonomic ID
Providencia stuartii          	Providencia stuartii	GCF_035747985.1	588 
Pseudomonas aeruginosa        	Organism Name	Assembly Accession	Organism Taxonomic ID
Pseudomonas aeruginosa        	Pseudomonas aeruginosa PAO1	GCF_000006765.1	208964
Pseudomonas oryzihabitans     	Organism Name	Assembly Accession	Organism Taxonomic ID
Pseudomonas oryzihabitans     	Pseudomonas oryzihabitans	GCF_008693825.1	47885
Pseudomonas putida            	Organism Name	Assembly Accession	Organism Taxonomic ID
Pseudomonas putida            	Pseudomonas putida NBRC 14164	GCF_000412675.1	1211579
Ralstonia mannitolilytica     	Organism Name	Assembly Accession	Organism Taxonomic ID
Ralstonia mannitolilytica     	Ralstonia mannitolilytica	GCF_000954135.1	105219
Ralstonia picketti            	-         	No reference found  
Ralstonia pickettii           	Organism Name	Assembly Accession	Organism Taxonomic ID
Ralstonia pickettii           	Ralstonia pickettii	GCF_014142625.1	329 
Ralstonia pickettii           	Ralstonia pickettii	GCF_902374465.2	329 
Raoultella ornithinolytica    	Organism Name	Assembly Accession	Organism Taxonomic ID
Raoultella ornithinolytica    	Klebsiella ornithinolytica	GCF_030505655.1	54291
Raoultella planticola         	Organism Name	Assembly Accession	Organism Taxonomic ID
Raoultella planticola         	Klebsiella planticola	GCF_000783935.2	575 
Rhodococcus equi              	Organism Name	Assembly Accession	Organism Taxonomic ID
Rhodococcus equi              	Prescottella equi	GCF_003013675.1	43767
Serratia marcescens           	Organism Name	Assembly Accession	Organism Taxonomic ID
Serratia marcescens           	Serratia marcescens	GCF_030291735.1	615 
Shewanella algae              	Organism Name	Assembly Accession	Organism Taxonomic ID
Shewanella algae              	Shewanella algae	GCF_009183365.2	38313
Shigella flexneri             	Organism Name	Assembly Accession	Organism Taxonomic ID
Shigella flexneri             	Shigella flexneri 2a str. 301	GCF_000006925.2	198214
Solobacterium moorei          	Organism Name	Assembly Accession	Organism Taxonomic ID
Solobacterium moorei          	Solobacterium moorei	GCF_036323475.1	102148
Sphingobacterium spiritivorum 	Organism Name	Assembly Accession	Organism Taxonomic ID
Sphingobacterium spiritivorum 	Sphingobacterium spiritivorum	GCF_016725645.1	258 
Sphingomonas paucimobilis     	Organism Name	Assembly Accession	Organism Taxonomic ID
Sphingomonas paucimobilis     	Sphingomonas paucimobilis	GCF_016027095.1	13689
Staphylococcus aureus         	Organism Name	Assembly Accession	Organism Taxonomic ID
Staphylococcus aureus         	Staphylococcus aureus subsp. aureus NCTC 8325	GCF_000013425.1	93061
Staphylococcus capitis        	Organism Name	Assembly Accession	Organism Taxonomic ID
Staphylococcus capitis        	Staphylococcus capitis subsp. urealyticus	GCF_040739365.1	74703
Staphylococcus epidermidis    	Organism Name	Assembly Accession	Organism Taxonomic ID
Staphylococcus epidermidis    	Staphylococcus epidermidis	GCF_006094375.1	1282
Staphylococcus haemolyticus   	Organism Name	Assembly Accession	Organism Taxonomic ID
Staphylococcus haemolyticus   	Staphylococcus haemolyticus	GCF_006094395.1	1283
Staphylococcus hominis        	Organism Name	Assembly Accession	Organism Taxonomic ID
Staphylococcus hominis        	Staphylococcus hominis	GCF_003812505.1	1290
Staphylococcus lugdunensis    	Organism Name	Assembly Accession	Organism Taxonomic ID
Staphylococcus lugdunensis    	Staphylococcus lugdunensis	GCF_001558775.1	28035
Staphylococcus nepalensis     	Organism Name	Assembly Accession	Organism Taxonomic ID
Staphylococcus nepalensis     	Staphylococcus nepalensis	GCF_002442935.1	214473
Staphylococcus saprophyticus  	Organism Name	Assembly Accession	Organism Taxonomic ID
Staphylococcus saprophyticus  	Staphylococcus saprophyticus subsp. saprophyticus ATCC 15305 = NCTC 7292	GCF_000010125.1	342451
Staphylococcus simulans       	Organism Name	Assembly Accession	Organism Taxonomic ID
Staphylococcus simulans       	Staphylococcus simulans	GCF_025561465.1	1286
Staphylococcus warneri        	Organism Name	Assembly Accession	Organism Taxonomic ID
Staphylococcus warneri        	Staphylococcus warneri	GCF_003571725.1	1292
Stenotrophomonas maltophilia  	Organism Name	Assembly Accession	Organism Taxonomic ID
Stenotrophomonas maltophilia  	Stenotrophomonas maltophilia	GCF_020641395.2	40324
Streptococcus agalactiae      	Organism Name	Assembly Accession	Organism Taxonomic ID
Streptococcus agalactiae      	Streptococcus agalactiae	GCF_949788565.1	1311
Streptococcus anginosus       	Organism Name	Assembly Accession	Organism Taxonomic ID
Streptococcus anginosus       	Streptococcus anginosus	GCF_900636475.1	1328
Streptococcus bovis           	Organism Name	Assembly Accession	Organism Taxonomic ID
Streptococcus bovis           	Streptococcus equinus	GCF_049393805.1	1335
Streptococcus gallolyticus subsp. gallolyticus	-         	No reference found  
Streptococcus gordonii        	Organism Name	Assembly Accession	Organism Taxonomic ID
Streptococcus gordonii        	Streptococcus gordonii	GCF_019046945.1	1302
Streptococcus pneumoniae      	Organism Name	Assembly Accession	Organism Taxonomic ID
Streptococcus pneumoniae      	Streptococcus pneumoniae	GCF_001457635.1	1313
Streptococcus pyogenes        	Organism Name	Assembly Accession	Organism Taxonomic ID
Streptococcus pyogenes        	Streptococcus pyogenes	GCF_900475035.1	1314
Tissierella praeacuta         	Organism Name	Assembly Accession	Organism Taxonomic ID
Tissierella praeacuta         	Tissierella praeacuta	GCF_900460335.1	43131
Tropheryma whipplei           	Organism Name	Assembly Accession	Organism Taxonomic ID
Tropheryma whipplei           	Tropheryma whipplei TW08/27	GCF_000196075.1	218496
Tsukamurella hongkongensis    	-         	No reference found  
Tsukamurella pulmonis         	Organism Name	Assembly Accession	Organism Taxonomic ID
Tsukamurella pulmonis         	Tsukamurella pulmonis	GCF_900460155.1	47312
Tsukamurella tyrosinosolvens  	Organism Name	Assembly Accession	Organism Taxonomic ID
Tsukamurella tyrosinosolvens  	Tsukamurella tyrosinosolvens	GCF_040790855.1	57704
Veillonella dispar            	Organism Name	Assembly Accession	Organism Taxonomic ID
Veillonella dispar            	Veillonella dispar	GCF_900637515.1	39778
Veillonella parvula           	Organism Name	Assembly Accession	Organism Taxonomic ID
Veillonella parvula           	Veillonella parvula	GCF_900186885.1	29466
Vibrio vulnificus             	Organism Name	Assembly Accession	Organism Taxonomic ID
Vibrio vulnificus             	Vibrio vulnificus NBRC 15645 = ATCC 27562	GCF_002224265.1	1219061
Weissella confusa             	Organism Name	Assembly Accession	Organism Taxonomic ID
Weissella confusa             	Weissella confusa	GCF_004771075.1	1583
Winkia neuii                  	Organism Name	Assembly Accession	Organism Taxonomic ID
Winkia neuii                  	Winkia neuii subsp. neuii DSM 8576	GCF_000420405.1	1120945
Wohlfahrtiimonas chitiniclastica	Organism Name	Assembly Accession	Organism Taxonomic ID
Wohlfahrtiimonas chitiniclastica	Wohlfahrtiimonas chitiniclastica	GCF_002252325.1	400946
Yersinia enterocolitica       	Organism Name	Assembly Accession	Organism Taxonomic ID
Yersinia enterocolitica       	Yersinia enterocolitica subsp. palearctica Y11	GCF_000253175.1	930944
Yersinia pseudotuberculosis   	Organism Name	Assembly Accession	Organism Taxonomic ID
Yersinia pseudotuberculosis   	Yersinia pseudotuberculosis	GCF_900637475.1	633 
